setCode,setNameZhTw,setNameJa,setNameEn,releaseDate,regulationMark,officialUrl,collectorNumber,altCollectorNumber,nameZhTw,nameJa,nameEn,rarity,illustrator,imageUrl,imageUrlJa
M2a,超級進化夢想ex,MEGAドリームex,,2025-12-05,I,https://asia.pokemon-card.com/hk/card-search/list/?expansionCodes=M2a,001/193,,<阿響的>凱羅斯,ヒビキのカイロス,,,GIDORA,https://asia.pokemon-card.com/hk/card-img/hk00015269.png,https://www.pokemon-card.com/assets/images/card_images/large/M2a/048523_P_HIBIKINOKAIROSU.jpg
M2a,超級進化夢想ex,MEGAドリームex,,2025-12-05,I,https://asia.pokemon-card.com/hk/card-search/list/?expansionCodes=M2a,002/193,,蜻蜻蜓,ヤンヤンマ,,,svlt,https://asia.pokemon-card.com/hk/card-img/hk00015271.png,https://www.pokemon-card.com/assets/images/card_images/large/M2a/048524_P_YANYANMA.jpg
M2a,超級進化夢想ex,MEGAドリームex,,2025-12-05,I,https://asia.pokemon-card.com/hk/card-search/list/?expansionCodes=M2a,003/193,,遠古巨蜓ex,メガヤンマex,,RR,takuyoa,https://asia.pokemon-card.com/hk/card-img/hk00014584.png,https://www.pokemon-card.com/assets/images/card_images/large/M2a/048525_P_MYANMAEX.jpg
M2a,超級進化夢想ex,MEGAドリームex,,2025-12-05,I,https://asia.pokemon-card.com/hk/card-search/list/?expansionCodes=M2a,004/193,,刺尾蟲,ケムッソ,,,USGMEN,https://asia.pokemon-card.com/hk/card-img/hk00015273.png,https://www.pokemon-card.com/assets/images/card_images/large/M2a/048526_P_KEMUSSO.jpg
M2a,超級進化夢想ex,MEGAドリームex,,2025-12-05,I,https://asia.pokemon-card.com/hk/card-search/list/?expansionCodes=M2a,005/193,,甲殼繭,カラサリス,,,Eri Yamaki,https://asia.pokemon-card.com/hk/card-img/hk00015275.png,https://www.pokemon-card.com/assets/images/card_images/large/M2a/048527_P_KARASARISU.jpg
M2a,超級進化夢想ex,MEGAドリームex,,2025-12-05,I,https://asia.pokemon-card.com/hk/card-search/list/?expansionCodes=M2a,006/193,,狩獵鳳蝶,アゲハント,,,Narumi Sato,https://asia.pokemon-card.com/hk/card-img/hk00015277.png,https://www.pokemon-card.com/assets/images/card_images/large/M2a/048528_P_AGEHANTO.jpg
M2a,超級進化夢想ex,MEGAドリームex,,2025-12-05,I,https://asia.pokemon-card.com/hk/card-search/list/?expansionCodes=M2a,007/193,,盾甲繭,マユルド,,,June,https://asia.pokemon-card.com/hk/card-img/hk00015279.png,https://www.pokemon-card.com/assets/images/card_images/large/M2a/048529_P_MAYURUDO.jpg
M2a,超級進化夢想ex,MEGAドリームex,,2025-12-05,I,https://asia.pokemon-card.com/hk/card-search/list/?expansionCodes=M2a,008/193,,毒粉蛾,ドクケイル,,,kamonabe,https://asia.pokemon-card.com/hk/card-img/hk00015281.png,https://www.pokemon-card.com/assets/images/card_images/large/M2a/048530_P_DOKUKEIRU.jpg
M2a,超級進化夢想ex,MEGAドリームex,,2025-12-05,I,https://asia.pokemon-card.com/hk/card-search/list/?expansionCodes=M2a,009/193,,竹蘭的毒薔薇,シロナのロゼリア,,,nisimono,https://asia.pokemon-card.com/hk/card-img/hk00015283.png,https://www.pokemon-card.com/assets/images/card_images/large/M2a/048531_P_SHIRONANOROZERIA.jpg
M2a,超級進化夢想ex,MEGAドリームex,,2025-12-05,I,https://asia.pokemon-card.com/hk/card-search/list/?expansionCodes=M2a,010/193,,<竹蘭的>羅絲雷朵,シロナのロズレイド,,,En Morikura,https://asia.pokemon-card.com/hk/card-img/hk00015285.png,https://www.pokemon-card.com/assets/images/card_images/large/M2a/048532_P_SHIRONANOROZUREIDO.jpg
M2a,超級進化夢想ex,MEGAドリームex,,2025-12-05,H,https://asia.pokemon-card.com/hk/card-search/list/?expansionCodes=M2a,011/193,,含羞苞,スボミー,,,Yoriyuki Ikegami,https://asia.pokemon-card.com/hk/card-img/hk00015287.png,https://www.pokemon-card.com/assets/images/card_images/large/M2a/048533_P_SUBOMI.jpg
M2a,超級進化夢想ex,MEGAドリームex,,2025-12-05,I,https://asia.pokemon-card.com/hk/card-search/list/?expansionCodes=M2a,012/193,,謝米,シェイミ,,,tono,https://asia.pokemon-card.com/hk/card-img/hk00015289.png,https://www.pokemon-card.com/assets/images/card_images/large/M2a/048534_P_SHIEIMI.jpg
M2a,超級進化夢想ex,MEGAドリームex,,2025-12-05,I,https://asia.pokemon-card.com/hk/card-search/list/?expansionCodes=M2a,013/193,,石居蟹,イシズマイ,,,Kanami Ogata,https://asia.pokemon-card.com/hk/card-img/hk00015291.png,https://www.pokemon-card.com/assets/images/card_images/large/M2a/048535_P_ISHIZUMAI.jpg
M2a,超級進化夢想ex,MEGAドリームex,,2025-12-05,I,https://asia.pokemon-card.com/hk/card-search/list/?expansionCodes=M2a,014/193,,岩殿居蟹,イワパレス,,,Po-Suzuki,https://asia.pokemon-card.com/hk/card-img/hk00015293.png,https://www.pokemon-card.com/assets/images/card_images/large/M2a/048536_P_IWAPARESU.jpg
M2a,超級進化夢想ex,MEGAドリームex,,2025-12-05,I,https://asia.pokemon-card.com/hk/card-search/list/?expansionCodes=M2a,015/193,,<火箭隊的>團珠蛛,ロケット団のタマンチュラ,,,Saboteri,https://asia.pokemon-card.com/hk/card-img/hk00015295.png,https://www.pokemon-card.com/assets/images/card_images/large/M2a/048537_P_ROKETTODANNOTAMANCHIXYURA.jpg
M2a,超級進化夢想ex,MEGAドリームex,,2025-12-05,I,https://asia.pokemon-card.com/hk/card-search/list/?expansionCodes=M2a,016/193,,<火箭隊的>操陷蛛,ロケット団のワナイダー,,,Taiga Kasai,https://asia.pokemon-card.com/hk/card-img/hk00015297.png,https://www.pokemon-card.com/assets/images/card_images/large/M2a/048538_P_ROKETTODANNOWANAIDA.jpg
M2a,超級進化夢想ex,MEGAドリームex,,2025-12-05,H,https://asia.pokemon-card.com/hk/card-search/list/?expansionCodes=M2a,017/193,,厄鬼椪 碧草面具ex,オーガポン みどりのめんex,,RR,5ban Graphics,https://asia.pokemon-card.com/hk/card-img/hk00014598.png,https://www.pokemon-card.com/assets/images/card_images/large/M2a/048539_P_OGAPONMIDORINOMENEX.jpg
M2a,超級進化夢想ex,MEGAドリームex,,2025-12-05,I,https://asia.pokemon-card.com/hk/card-search/list/?expansionCodes=M2a,018/193,,<阿響的>熔岩蟲,ヒビキのマグマッグ,,,Sanosuke Sakuma,https://asia.pokemon-card.com/hk/card-img/hk00015299.png,https://www.pokemon-card.com/assets/images/card_images/large/M2a/048540_P_HIBIKINOMAGUMAGGU.jpg
M2a,超級進化夢想ex,MEGAドリームex,,2025-12-05,I,https://asia.pokemon-card.com/hk/card-search/list/?expansionCodes=M2a,019/193,,<阿響的>熔岩蝸牛,ヒビキのマグカルゴ,,,kodama,https://asia.pokemon-card.com/hk/card-img/hk00015301.png,https://www.pokemon-card.com/assets/images/card_images/large/M2a/048541_P_HIBIKINOMAGUKARUGO.jpg
M2a,超級進化夢想ex,MEGAドリームex,,2025-12-05,I,https://asia.pokemon-card.com/hk/card-search/list/?expansionCodes=M2a,020/193,,炎帝,エンテイ,,,Kazumasa Yasukuni,https://asia.pokemon-card.com/hk/card-img/hk00015303.png,https://www.pokemon-card.com/assets/images/card_images/large/M2a/048542_P_ENTEI.jpg
M2a,超級進化夢想ex,MEGAドリームex,,2025-12-05,I,https://asia.pokemon-card.com/hk/card-search/list/?expansionCodes=M2a,021/193,,<阿響的>鳳王ex,ヒビキのホウオウex,,RR,aky CG Works,https://asia.pokemon-card.com/hk/card-img/hk00014602.png,https://www.pokemon-card.com/assets/images/card_images/large/M2a/048543_P_HIBIKINOHOUOUEX.jpg
M2a,超級進化夢想ex,MEGAドリームex,,2025-12-05,I,https://asia.pokemon-card.com/hk/card-search/list/?expansionCodes=M2a,022/193,,呆火駝,ドンメル,,,Ounishi,https://asia.pokemon-card.com/hk/card-img/hk00015305.png,https://www.pokemon-card.com/assets/images/card_images/large/M2a/048544_P_DONMERU.jpg
M2a,超級進化夢想ex,MEGAドリームex,,2025-12-05,I,https://asia.pokemon-card.com/hk/card-search/list/?expansionCodes=M2a,023/193,,噴火駝,バクーダ,,,Minahamu,https://asia.pokemon-card.com/hk/card-img/hk00015307.png,https://www.pokemon-card.com/assets/images/card_images/large/M2a/048545_P_BAKUDA.jpg
M2a,超級進化夢想ex,MEGAドリームex,,2025-12-05,I,https://asia.pokemon-card.com/hk/card-search/list/?expansionCodes=M2a,024/193,,暖暖豬,ポカブ,,,Teeziro,https://asia.pokemon-card.com/hk/card-img/hk00015309.png,https://www.pokemon-card.com/assets/images/card_images/large/M2a/048546_P_POKABU.jpg
M2a,超級進化夢想ex,MEGAドリームex,,2025-12-05,I,https://asia.pokemon-card.com/hk/card-search/list/?expansionCodes=M2a,025/193,,炒炒豬,チャオブー,,,Teeziro,https://asia.pokemon-card.com/hk/card-img/hk00015311.png,https://www.pokemon-card.com/assets/images/card_images/large/M2a/048547_P_CHIXYAOBU.jpg
M2a,超級進化夢想ex,MEGAドリームex,,2025-12-05,I,https://asia.pokemon-card.com/hk/card-search/list/?expansionCodes=M2a,026/193,,炎武王,エンブオー,,,Teeziro,https://asia.pokemon-card.com/hk/card-img/hk00015313.png,https://www.pokemon-card.com/assets/images/card_images/large/M2a/048548_P_ENBUO.jpg
M2a,超級進化夢想ex,MEGAドリームex,,2025-12-05,I,https://asia.pokemon-card.com/hk/card-search/list/?expansionCodes=M2a,027/193,,N的火紅不倒翁,Nのダルマッカ,,,Gemi,https://asia.pokemon-card.com/hk/card-img/hk00015315.png,https://www.pokemon-card.com/assets/images/card_images/large/M2a/048549_P_NNODARUMAKKA.jpg
M2a,超級進化夢想ex,MEGAドリームex,,2025-12-05,I,https://asia.pokemon-card.com/hk/card-search/list/?expansionCodes=M2a,028/193,,N的達摩狒狒,Nのヒヒダルマ,,,Takeshi Nakamura,https://asia.pokemon-card.com/hk/card-img/hk00015317.png,https://www.pokemon-card.com/assets/images/card_images/large/M2a/048550_P_NNOHIHIDARUMA.jpg
M2a,超級進化夢想ex,MEGAドリームex,,2025-12-05,I,https://asia.pokemon-card.com/hk/card-search/list/?expansionCodes=M2a,029/193,,萊希拉姆ex,レシラムex,,RR,5ban Graphics,https://asia.pokemon-card.com/hk/card-img/hk00014610.png,https://www.pokemon-card.com/assets/images/card_images/large/M2a/048551_P_RESHIRAMUEX.jpg
M2a,超級進化夢想ex,MEGAドリームex,,2025-12-05,H,https://asia.pokemon-card.com/hk/card-search/list/?expansionCodes=M2a,030/193,,炭小侍,カルボウ,,,Kariya,https://asia.pokemon-card.com/hk/card-img/hk00015319.png,https://www.pokemon-card.com/assets/images/card_images/large/M2a/048552_P_KARUBOU.jpg
M2a,超級進化夢想ex,MEGAドリームex,,2025-12-05,H,https://asia.pokemon-card.com/hk/card-search/list/?expansionCodes=M2a,031/193,,蒼炎刃鬼ex,ソウブレイズex,,RR,5ban Graphics,https://asia.pokemon-card.com/hk/card-img/hk00014612.png,https://www.pokemon-card.com/assets/images/card_images/large/M2a/048553_P_SOUBUREIZUEX.jpg
M2a,超級進化夢想ex,MEGAドリームex,,2025-12-05,I,https://asia.pokemon-card.com/hk/card-search/list/?expansionCodes=M2a,032/193,,可達鴨,コダック,,,Jiro Sasumo,https://asia.pokemon-card.com/hk/card-img/hk00015321.png,https://www.pokemon-card.com/assets/images/card_images/large/M2a/048554_P_KODAKKU.jpg
M2a,超級進化夢想ex,MEGAドリームex,,2025-12-05,I,https://asia.pokemon-card.com/hk/card-search/list/?expansionCodes=M2a,033/193,,哥達鴨,ゴルダック,,,Jiro Sasumo,https://asia.pokemon-card.com/hk/card-img/hk00015323.png,https://www.pokemon-card.com/assets/images/card_images/large/M2a/048555_P_GORUDAKKU.jpg
M2a,超級進化夢想ex,MEGAドリームex,,2025-12-05,I,https://asia.pokemon-card.com/hk/card-search/list/?expansionCodes=M2a,034/193,,<火箭隊的>急凍鳥,ロケット団のフリーザー,,,Mitsuhiro Arita,https://asia.pokemon-card.com/hk/card-img/hk00015325.png,https://www.pokemon-card.com/assets/images/card_images/large/M2a/048556_P_ROKETTODANNOFURIZA.jpg
M2a,超級進化夢想ex,MEGAドリームex,,2025-12-05,I,https://asia.pokemon-card.com/hk/card-search/list/?expansionCodes=M2a,035/193,,雪童子,ユキワラシ,,,Wintr Wandr,https://asia.pokemon-card.com/hk/card-img/hk00015327.png,https://www.pokemon-card.com/assets/images/card_images/large/M2a/048557_P_YUKIWARASHI.jpg
M2a,超級進化夢想ex,MEGAドリームex,,2025-12-05,I,https://asia.pokemon-card.com/hk/card-search/list/?expansionCodes=M2a,036/193,,超級雪妖女ex,メガユキメノコex,,RR,5ban Graphics,https://asia.pokemon-card.com/hk/card-img/hk00014617.png,https://www.pokemon-card.com/assets/images/card_images/large/M2a/048558_P_MYUKIMENOKOEX.jpg
M2a,超級進化夢想ex,MEGAドリームex,,2025-12-05,I,https://asia.pokemon-card.com/hk/card-search/list/?expansionCodes=M2a,037/193,,N的迷你冰,Nのバニプッチ,,,yuu,https://asia.pokemon-card.com/hk/card-img/hk00015329.png,https://www.pokemon-card.com/assets/images/card_images/large/M2a/048559_P_NNOBANIPUTCHI.jpg
M2a,超級進化夢想ex,MEGAドリームex,,2025-12-05,I,https://asia.pokemon-card.com/hk/card-search/list/?expansionCodes=M2a,038/193,,N的多多冰,Nのバニリッチ,,,kirisAki,https://asia.pokemon-card.com/hk/card-img/hk00015331.png,https://www.pokemon-card.com/assets/images/card_images/large/M2a/048560_P_NNOBANIRITCHI.jpg
M2a,超級進化夢想ex,MEGAドリームex,,2025-12-05,I,https://asia.pokemon-card.com/hk/card-search/list/?expansionCodes=M2a,039/193,,N的雙倍多多冰,Nのバイバニラ,,,imoniii,https://asia.pokemon-card.com/hk/card-img/hk00015333.png,https://www.pokemon-card.com/assets/images/card_images/large/M2a/048561_P_NNOBAIBANIRA.jpg
M2a,超級進化夢想ex,MEGAドリームex,,2025-12-05,I,https://asia.pokemon-card.com/hk/card-search/list/?expansionCodes=M2a,040/193,,雪吞蟲,ユキハミ,,,Izucch,https://asia.pokemon-card.com/hk/card-img/hk00015335.png,https://www.pokemon-card.com/assets/images/card_images/large/M2a/048562_P_YUKIHAMI.jpg
M2a,超級進化夢想ex,MEGAドリームex,,2025-12-05,I,https://asia.pokemon-card.com/hk/card-search/list/?expansionCodes=M2a,041/193,,雪絨蛾,モスノウ,,,cochi8i,https://asia.pokemon-card.com/hk/card-img/hk00015337.png,https://www.pokemon-card.com/assets/images/card_images/large/M2a/048563_P_MOSUNOU.jpg
M2a,超級進化夢想ex,MEGAドリームex,,2025-12-05,I,https://asia.pokemon-card.com/hk/card-search/list/?expansionCodes=M2a,042/193,,雪暴馬,ブリザポス,,,mashu,https://asia.pokemon-card.com/hk/card-img/hk00015339.png,https://www.pokemon-card.com/assets/images/card_images/large/M2a/048564_P_BURIZAPOSU.jpg
M2a,超級進化夢想ex,MEGAドリームex,,2025-12-05,H,https://asia.pokemon-card.com/hk/card-search/list/?expansionCodes=M2a,043/193,,古劍豹,パオジアン,,,toi8,https://asia.pokemon-card.com/hk/card-img/hk00015341.png,https://www.pokemon-card.com/assets/images/card_images/large/M2a/048565_P_PAOJIAN.jpg
M2a,超級進化夢想ex,MEGAドリームex,,2025-12-05,H,https://asia.pokemon-card.com/hk/card-search/list/?expansionCodes=M2a,044/193,,皮卡丘ex,ピカチュウex,,RR,aky CG Works,https://asia.pokemon-card.com/hk/card-img/hk00014625.png,https://www.pokemon-card.com/assets/images/card_images/large/M2a/048566_P_PIKACHIXYUUEX.jpg
M2a,超級進化夢想ex,MEGAドリームex,,2025-12-05,H,https://asia.pokemon-card.com/hk/card-search/list/?expansionCodes=M2a,045/193,,小磁怪,コイル,,,Hoshino KURO,https://asia.pokemon-card.com/hk/card-img/hk00015343.png,https://www.pokemon-card.com/assets/images/card_images/large/M2a/048567_P_KOIRU.jpg
M2a,超級進化夢想ex,MEGAドリームex,,2025-12-05,H,https://asia.pokemon-card.com/hk/card-search/list/?expansionCodes=M2a,046/193,,三合一磁怪,レアコイル,,,Shinya Mizuno,https://asia.pokemon-card.com/hk/card-img/hk00015345.png,https://www.pokemon-card.com/assets/images/card_images/large/M2a/048568_P_REAKOIRU.jpg
M2a,超級進化夢想ex,MEGAドリームex,,2025-12-05,I,https://asia.pokemon-card.com/hk/card-search/list/?expansionCodes=M2a,047/193,,麻麻小魚,シビシラス,,,Jerky,https://asia.pokemon-card.com/hk/card-img/hk00015347.png,https://www.pokemon-card.com/assets/images/card_images/large/M2a/048569_P_SHIBISHIRASU.jpg
M2a,超級進化夢想ex,MEGAドリームex,,2025-12-05,I,https://asia.pokemon-card.com/hk/card-search/list/?expansionCodes=M2a,048/193,,麻麻鰻,シビビール,,,Jerky,https://asia.pokemon-card.com/hk/card-img/hk00015349.png,https://www.pokemon-card.com/assets/images/card_images/large/M2a/048570_P_SHIBIBIRU.jpg
M2a,超級進化夢想ex,MEGAドリームex,,2025-12-05,I,https://asia.pokemon-card.com/hk/card-search/list/?expansionCodes=M2a,049/193,,超級麻麻鰻魚王ex,メガシビルドンex,,RR,takuyoa,https://asia.pokemon-card.com/hk/card-img/hk00014630.png,https://www.pokemon-card.com/assets/images/card_images/large/M2a/048571_P_MSHIBIRUDONEX.jpg
M2a,超級進化夢想ex,MEGAドリームex,,2025-12-05,I,https://asia.pokemon-card.com/hk/card-search/list/?expansionCodes=M2a,050/193,,泥巴魚,マッギョ,,,Tetsu Kayama,https://asia.pokemon-card.com/hk/card-img/hk00015351.png,https://www.pokemon-card.com/assets/images/card_images/large/M2a/048572_P_MAGGIXYO.jpg
M2a,超級進化夢想ex,MEGAドリームex,,2025-12-05,I,https://asia.pokemon-card.com/hk/card-search/list/?expansionCodes=M2a,051/193,,捷克羅姆ex,ゼクロムex,,RR,takuyoa,https://asia.pokemon-card.com/hk/card-img/hk00014632.png,https://www.pokemon-card.com/assets/images/card_images/large/M2a/048573_P_ZEKUROMUEX.jpg
M2a,超級進化夢想ex,MEGAドリームex,,2025-12-05,I,https://asia.pokemon-card.com/hk/card-search/list/?expansionCodes=M2a,052/193,,傘電蜥,エリキテル,,,Tika Matsuno,https://asia.pokemon-card.com/hk/card-img/hk00015353.png,https://www.pokemon-card.com/assets/images/card_images/large/M2a/048574_P_ERIKITERU.jpg
M2a,超級進化夢想ex,MEGAドリームex,,2025-12-05,I,https://asia.pokemon-card.com/hk/card-search/list/?expansionCodes=M2a,053/193,,光電傘蜥,エレザード,,,svlt,https://asia.pokemon-card.com/hk/card-img/hk00015355.png,https://www.pokemon-card.com/assets/images/card_images/large/M2a/048575_P_EREZADO.jpg
M2a,超級進化夢想ex,MEGAドリームex,,2025-12-05,I,https://asia.pokemon-card.com/hk/card-search/list/?expansionCodes=M2a,054/193,,卡璞・鳴鳴,カプ・コケコ,,,Anesaki Dynamic,https://asia.pokemon-card.com/hk/card-img/hk00015357.png,https://www.pokemon-card.com/assets/images/card_images/large/M2a/048576_P_KAPUKOKEKO.jpg
M2a,超級進化夢想ex,MEGAドリームex,,2025-12-05,I,https://asia.pokemon-card.com/hk/card-search/list/?expansionCodes=M2a,055/193,,捷拉奧拉,ゼラオラ,,,Ryuta Fuse,https://asia.pokemon-card.com/hk/card-img/hk00015359.png,https://www.pokemon-card.com/assets/images/card_images/large/M2a/048577_P_ZERAORA.jpg
M2a,超級進化夢想ex,MEGAドリームex,,2025-12-05,I,https://asia.pokemon-card.com/hk/card-search/list/?expansionCodes=M2a,056/193,,奇樹的光蚪仔,ナンジャモのズピカ,,,kurumitsu,https://asia.pokemon-card.com/hk/card-img/hk00015361.png,https://www.pokemon-card.com/assets/images/card_images/large/M2a/048578_P_NANJIXYAMONOZUPIKA.jpg
M2a,超級進化夢想ex,MEGAドリームex,,2025-12-05,I,https://asia.pokemon-card.com/hk/card-search/list/?expansionCodes=M2a,057/193,,奇樹的電肚蛙ex,ナンジャモのハラバリーex,,RR,5ban Graphics,https://asia.pokemon-card.com/hk/card-img/hk00014638.png,https://www.pokemon-card.com/assets/images/card_images/large/M2a/048579_P_NANJIXYAMONOHARABARIEX.jpg
M2a,超級進化夢想ex,MEGAドリームex,,2025-12-05,I,https://asia.pokemon-card.com/hk/card-search/list/?expansionCodes=M2a,058/193,,奇樹的電海燕,ナンジャモのカイデン,,,Akira Komayama,https://asia.pokemon-card.com/hk/card-img/hk00015363.png,https://www.pokemon-card.com/assets/images/card_images/large/M2a/048580_P_NANJIXYAMONOKAIDEN.jpg
M2a,超級進化夢想ex,MEGAドリームex,,2025-12-05,I,https://asia.pokemon-card.com/hk/card-search/list/?expansionCodes=M2a,059/193,,奇樹的大電海燕,ナンジャモのタイカイデン,,,DOM,https://asia.pokemon-card.com/hk/card-img/hk00015365.png,https://www.pokemon-card.com/assets/images/card_images/large/M2a/048581_P_NANJIXYAMONOTAIKAIDEN.jpg
M2a,超級進化夢想ex,MEGAドリームex,,2025-12-05,I,https://asia.pokemon-card.com/hk/card-search/list/?expansionCodes=M2a,060/193,,莉莉艾的皮皮ex,リーリエのピッピex,,RR,5ban Graphics,https://asia.pokemon-card.com/hk/card-img/hk00014641.png,https://www.pokemon-card.com/assets/images/card_images/large/M2a/048582_P_RIRIENOPIPPIEX.jpg
M2a,超級進化夢想ex,MEGAドリームex,,2025-12-05,I,https://asia.pokemon-card.com/hk/card-search/list/?expansionCodes=M2a,061/193,,火箭隊的蛋蛋,ロケット団のタマタマ,,,Gapao,https://asia.pokemon-card.com/hk/card-img/hk00015367.png,https://www.pokemon-card.com/assets/images/card_images/large/M2a/048583_P_ROKETTODANNOTAMATAMA.jpg
M2a,超級進化夢想ex,MEGAドリームex,,2025-12-05,I,https://asia.pokemon-card.com/hk/card-search/list/?expansionCodes=M2a,062/193,,火箭隊的椰蛋樹,ロケット団のナッシー,,,Ryuta Fuse,https://asia.pokemon-card.com/hk/card-img/hk00015369.png,https://www.pokemon-card.com/assets/images/card_images/large/M2a/048584_P_ROKETTODANNONASSHI.jpg
M2a,超級進化夢想ex,MEGAドリームex,,2025-12-05,I,https://asia.pokemon-card.com/hk/card-search/list/?expansionCodes=M2a,063/193,,<火箭隊的>超夢ex,ロケット団のミュウツーex,,RR,aky CG Works,https://asia.pokemon-card.com/hk/card-img/hk00014644.png,https://www.pokemon-card.com/assets/images/card_images/large/M2a/048585_P_ROKETTODANNOMIXYUUTSUEX.jpg
M2a,超級進化夢想ex,MEGAドリームex,,2025-12-05,H,https://asia.pokemon-card.com/hk/card-search/list/?expansionCodes=M2a,064/193,,波克比,トゲピー,,,Yoko Hishida,https://asia.pokemon-card.com/hk/card-img/hk00015371.png,https://www.pokemon-card.com/assets/images/card_images/large/M2a/048586_P_TOGEPI.jpg
M2a,超級進化夢想ex,MEGAドリームex,,2025-12-05,H,https://asia.pokemon-card.com/hk/card-search/list/?expansionCodes=M2a,065/193,,波克基古,トゲチック,,,Teeziro,https://asia.pokemon-card.com/hk/card-img/hk00015373.png,https://www.pokemon-card.com/assets/images/card_images/large/M2a/048587_P_TOGECHIKKU.jpg
M2a,超級進化夢想ex,MEGAドリームex,,2025-12-05,H,https://asia.pokemon-card.com/hk/card-search/list/?expansionCodes=M2a,066/193,,波克基斯,トゲキッス,,,Narano,https://asia.pokemon-card.com/hk/card-img/hk00015375.png,https://www.pokemon-card.com/assets/images/card_images/large/M2a/048588_P_TOGEKISSU.jpg
M2a,超級進化夢想ex,MEGAドリームex,,2025-12-05,I,https://asia.pokemon-card.com/hk/card-search/list/?expansionCodes=M2a,067/193,,夢妖,ムウマ,,,Kazuhisa Uragami,https://asia.pokemon-card.com/hk/card-img/hk00015377.png,https://www.pokemon-card.com/assets/images/card_images/large/M2a/048589_P_MUUMA.jpg
M2a,超級進化夢想ex,MEGAドリームex,,2025-12-05,I,https://asia.pokemon-card.com/hk/card-search/list/?expansionCodes=M2a,068/193,,夢妖魔,ムウマージ,,,nisimono,https://asia.pokemon-card.com/hk/card-img/hk00015379.png,https://www.pokemon-card.com/assets/images/card_images/large/M2a/048590_P_MUUMAJI.jpg
M2a,超級進化夢想ex,MEGAドリームex,,2025-12-05,I,https://asia.pokemon-card.com/hk/card-search/list/?expansionCodes=M2a,069/193,,拉魯拉絲,ラルトス,,,Terada Tera,https://asia.pokemon-card.com/hk/card-img/hk00015381.png,https://www.pokemon-card.com/assets/images/card_images/large/M2a/048591_P_RARUTOSU.jpg
M2a,超級進化夢想ex,MEGAドリームex,,2025-12-05,I,https://asia.pokemon-card.com/hk/card-search/list/?expansionCodes=M2a,070/193,,奇魯莉安,キルリア,,,satoma,https://asia.pokemon-card.com/hk/card-img/hk00015383.png,https://www.pokemon-card.com/assets/images/card_images/large/M2a/048592_P_KIRURIA.jpg
M2a,超級進化夢想ex,MEGAドリームex,,2025-12-05,I,https://asia.pokemon-card.com/hk/card-search/list/?expansionCodes=M2a,071/193,,超級沙奈朵ex,メガサーナイトex,,RR,takuyoa,https://asia.pokemon-card.com/hk/card-img/hk00014652.png,https://www.pokemon-card.com/assets/images/card_images/large/M2a/048593_P_MSANAITOEX.jpg
M2a,超級進化夢想ex,MEGAドリームex,,2025-12-05,H,https://asia.pokemon-card.com/hk/card-search/list/?expansionCodes=M2a,072/193,,夜巡靈,ヨマワル,,,IKEDA Saki,https://asia.pokemon-card.com/hk/card-img/hk00015385.png,https://www.pokemon-card.com/assets/images/card_images/large/M2a/048594_P_YOMAWARU.jpg
M2a,超級進化夢想ex,MEGAドリームex,,2025-12-05,H,https://asia.pokemon-card.com/hk/card-search/list/?expansionCodes=M2a,073/193,,彷徨夜靈,サマヨール,,,Aya Kusube,https://asia.pokemon-card.com/hk/card-img/hk00015387.png,https://www.pokemon-card.com/assets/images/card_images/large/M2a/048595_P_SAMAYORU.jpg
M2a,超級進化夢想ex,MEGAドリームex,,2025-12-05,H,https://asia.pokemon-card.com/hk/card-search/list/?expansionCodes=M2a,074/193,,黑夜魔靈,ヨノワール,,,danciao,https://asia.pokemon-card.com/hk/card-img/hk00015389.png,https://www.pokemon-card.com/assets/images/card_images/large/M2a/048596_P_YONOWARU.jpg
M2a,超級進化夢想ex,MEGAドリームex,,2025-12-05,H,https://asia.pokemon-card.com/hk/card-search/list/?expansionCodes=M2a,075/193,,拉帝亞斯ex,ラティアスex,,RR,takuyoa,https://asia.pokemon-card.com/hk/card-img/hk00014656.png,https://www.pokemon-card.com/assets/images/card_images/large/M2a/048597_P_RATEIASUEX.jpg
M2a,超級進化夢想ex,MEGAドリームex,,2025-12-05,I,https://asia.pokemon-card.com/hk/card-search/list/?expansionCodes=M2a,076/193,,洛托姆,ロトム,,,mingo,https://asia.pokemon-card.com/hk/card-img/hk00015391.png,https://www.pokemon-card.com/assets/images/card_images/large/M2a/048598_P_ROTOMU.jpg
M2a,超級進化夢想ex,MEGAドリームex,,2025-12-05,I,https://asia.pokemon-card.com/hk/card-search/list/?expansionCodes=M2a,077/193,,赫普的小木靈,ホップのボクレー,,,tono,https://asia.pokemon-card.com/hk/card-img/hk00015393.png,https://www.pokemon-card.com/assets/images/card_images/large/M2a/048599_P_HOPPUNOBOKURE.jpg
M2a,超級進化夢想ex,MEGAドリームex,,2025-12-05,I,https://asia.pokemon-card.com/hk/card-search/list/?expansionCodes=M2a,078/193,,赫普的朽木妖,ホップのオーロット,,,matazo,https://asia.pokemon-card.com/hk/card-img/hk00015395.png,https://www.pokemon-card.com/assets/images/card_images/large/M2a/048600_P_HOPPUNOOROTTO.jpg
M2a,超級進化夢想ex,MEGAドリームex,,2025-12-05,I,https://asia.pokemon-card.com/hk/card-search/list/?expansionCodes=M2a,079/193,,<火箭隊的>謎擬Q,ロケット団のミミッキュ,,,DOM,https://asia.pokemon-card.com/hk/card-img/hk00015397.png,https://www.pokemon-card.com/assets/images/card_images/large/M2a/048601_P_ROKETTODANNOMIMIKKIXYU.jpg
M2a,超級進化夢想ex,MEGAドリームex,,2025-12-05,I,https://asia.pokemon-card.com/hk/card-search/list/?expansionCodes=M2a,080/193,,靈幽馬,レイスポス,,,Taiga Kasai,https://asia.pokemon-card.com/hk/card-img/hk00015399.png,https://www.pokemon-card.com/assets/images/card_images/large/M2a/048602_P_REISUPOSU.jpg
M2a,超級進化夢想ex,MEGAドリームex,,2025-12-05,H,https://asia.pokemon-card.com/hk/card-search/list/?expansionCodes=M2a,081/193,,願增猿,マシマシラ,,,kodama,https://asia.pokemon-card.com/hk/card-img/hk00015401.png,https://www.pokemon-card.com/assets/images/card_images/large/M2a/048603_P_MASHIMASHIRA.jpg
M2a,超級進化夢想ex,MEGAドリームex,,2025-12-05,I,https://asia.pokemon-card.com/hk/card-search/list/?expansionCodes=M2a,082/193,,火箭隊的地鼠,ロケット団のディグダ,,,Yuriko Akase,https://asia.pokemon-card.com/hk/card-img/hk00015403.png,https://www.pokemon-card.com/assets/images/card_images/large/M2a/048604_P_ROKETTODANNODEIGUDA.jpg
M2a,超級進化夢想ex,MEGAドリームex,,2025-12-05,I,https://asia.pokemon-card.com/hk/card-search/list/?expansionCodes=M2a,083/193,,火箭隊的三地鼠,ロケット団のダグトリオ,,,KEIICHIRO ITO,https://asia.pokemon-card.com/hk/card-img/hk00015405.png,https://www.pokemon-card.com/assets/images/card_images/large/M2a/048605_P_ROKETTODANNODAGUTORIO.jpg
M2a,超級進化夢想ex,MEGAドリームex,,2025-12-05,I,https://asia.pokemon-card.com/hk/card-search/list/?expansionCodes=M2a,084/193,,瑪沙那,アサナン,,,Lee HyunJung,https://asia.pokemon-card.com/hk/card-img/hk00015407.png,https://www.pokemon-card.com/assets/images/card_images/large/M2a/048606_P_ASANAN.jpg
M2a,超級進化夢想ex,MEGAドリームex,,2025-12-05,I,https://asia.pokemon-card.com/hk/card-search/list/?expansionCodes=M2a,085/193,,恰雷姆,チャーレム,,,GIDORA,https://asia.pokemon-card.com/hk/card-img/hk00015409.png,https://www.pokemon-card.com/assets/images/card_images/large/M2a/048607_P_CHIXYAREMU.jpg
M2a,超級進化夢想ex,MEGAドリームex,,2025-12-05,I,https://asia.pokemon-card.com/hk/card-search/list/?expansionCodes=M2a,086/193,,月石,ルナトーン,,,Ounishi,https://asia.pokemon-card.com/hk/card-img/hk00015411.png,https://www.pokemon-card.com/assets/images/card_images/large/M2a/048608_P_RUNATON.jpg
M2a,超級進化夢想ex,MEGAドリームex,,2025-12-05,I,https://asia.pokemon-card.com/hk/card-search/list/?expansionCodes=M2a,087/193,,太陽岩,ソルロック,,,Whisker,https://asia.pokemon-card.com/hk/card-img/hk00015413.png,https://www.pokemon-card.com/assets/images/card_images/large/M2a/048609_P_SORUROKKU.jpg
M2a,超級進化夢想ex,MEGAドリームex,,2025-12-05,I,https://asia.pokemon-card.com/hk/card-search/list/?expansionCodes=M2a,088/193,,竹蘭的圓陸鯊,シロナのフカマル,,,Tomomi Ozaki,https://asia.pokemon-card.com/hk/card-img/hk00015415.png,https://www.pokemon-card.com/assets/images/card_images/large/M2a/048610_P_SHIRONANOFUKAMARU.jpg
M2a,超級進化夢想ex,MEGAドリームex,,2025-12-05,I,https://asia.pokemon-card.com/hk/card-search/list/?expansionCodes=M2a,089/193,,竹蘭的尖牙陸鯊,シロナのガバイト,,,Taira Akitsu,https://asia.pokemon-card.com/hk/card-img/hk00015417.png,https://www.pokemon-card.com/assets/images/card_images/large/M2a/048611_P_SHIRONANOGABAITO.jpg
M2a,超級進化夢想ex,MEGAドリームex,,2025-12-05,I,https://asia.pokemon-card.com/hk/card-search/list/?expansionCodes=M2a,090/193,,<竹蘭的>烈咬陸鯊ex,シロナのガブリアスex,,RR,5ban Graphics,https://asia.pokemon-card.com/hk/card-img/hk00014671.png,https://www.pokemon-card.com/assets/images/card_images/large/M2a/048612_P_SHIRONANOGABURIASUEX.jpg
M2a,超級進化夢想ex,MEGAドリームex,,2025-12-05,I,https://asia.pokemon-card.com/hk/card-search/list/?expansionCodes=M2a,091/193,,利歐路,リオル,,,hncl,https://asia.pokemon-card.com/hk/card-img/hk00015419.png,https://www.pokemon-card.com/assets/images/card_images/large/M2a/048613_P_RIORU.jpg
M2a,超級進化夢想ex,MEGAドリームex,,2025-12-05,I,https://asia.pokemon-card.com/hk/card-search/list/?expansionCodes=M2a,092/193,,超級路卡利歐ex,メガルカリオex,,RR,5ban Graphics,https://asia.pokemon-card.com/hk/card-img/hk00014673.png,https://www.pokemon-card.com/assets/images/card_images/large/M2a/048614_P_MRUKARIOEX.jpg
M2a,超級進化夢想ex,MEGAドリームex,,2025-12-05,I,https://asia.pokemon-card.com/hk/card-search/list/?expansionCodes=M2a,093/193,,頑皮熊貓,ヤンチャム,,,Minato,https://asia.pokemon-card.com/hk/card-img/hk00015421.png,https://www.pokemon-card.com/assets/images/card_images/large/M2a/048615_P_YANCHIXYAMU.jpg
M2a,超級進化夢想ex,MEGAドリームex,,2025-12-05,I,https://asia.pokemon-card.com/hk/card-search/list/?expansionCodes=M2a,094/193,,超級摔角鷹人ex,メガルチャブルex,,RR,5ban Graphics,https://asia.pokemon-card.com/hk/card-img/hk00014675.png,https://www.pokemon-card.com/assets/images/card_images/large/M2a/048616_P_MRUCHIXYABURUEX.jpg
M2a,超級進化夢想ex,MEGAドリームex,,2025-12-05,I,https://asia.pokemon-card.com/hk/card-search/list/?expansionCodes=M2a,095/193,,小炭仔,タンドン,,,Kurata So,https://asia.pokemon-card.com/hk/card-img/hk00015423.png,https://www.pokemon-card.com/assets/images/card_images/large/M2a/048617_P_TANDON.jpg
M2a,超級進化夢想ex,MEGAドリームex,,2025-12-05,I,https://asia.pokemon-card.com/hk/card-search/list/?expansionCodes=M2a,096/193,,大炭車,トロッゴン,,,Apios,https://asia.pokemon-card.com/hk/card-img/hk00015425.png,https://www.pokemon-card.com/assets/images/card_images/large/M2a/048618_P_TOROGGON.jpg
M2a,超級進化夢想ex,MEGAドリームex,,2025-12-05,I,https://asia.pokemon-card.com/hk/card-search/list/?expansionCodes=M2a,097/193,,巨炭山,セキタンザン,,,Nisota Niso,https://asia.pokemon-card.com/hk/card-img/hk00015427.png,https://www.pokemon-card.com/assets/images/card_images/large/M2a/048619_P_SEKITANZAN.jpg
M2a,超級進化夢想ex,MEGAドリームex,,2025-12-05,I,https://asia.pokemon-card.com/hk/card-search/list/?expansionCodes=M2a,098/193,,夠讚狗,イイネイヌ,,,Mitsuhiro Arita,https://asia.pokemon-card.com/hk/card-img/hk00015429.png,https://www.pokemon-card.com/assets/images/card_images/large/M2a/048620_P_IINEINU.jpg
M2a,超級進化夢想ex,MEGAドリームex,,2025-12-05,I,https://asia.pokemon-card.com/hk/card-search/list/?expansionCodes=M2a,099/193,,火箭隊的超音蝠,ロケット団のズバット,,,toi8,https://asia.pokemon-card.com/hk/card-img/hk00015431.png,https://www.pokemon-card.com/assets/images/card_images/large/M2a/048621_P_ROKETTODANNOZUBATTO.jpg
M2a,超級進化夢想ex,MEGAドリームex,,2025-12-05,I,https://asia.pokemon-card.com/hk/card-search/list/?expansionCodes=M2a,100/193,,火箭隊的大嘴蝠,ロケット団のゴルバット,,,AKIRA EGAWA,https://asia.pokemon-card.com/hk/card-img/hk00015433.png,https://www.pokemon-card.com/assets/images/card_images/large/M2a/048622_P_ROKETTODANNOGORUBATTO.jpg
M2a,超級進化夢想ex,MEGAドリームex,,2025-12-05,I,https://asia.pokemon-card.com/hk/card-search/list/?expansionCodes=M2a,101/193,,<火箭隊的>叉字蝠ex,ロケット団のクロバットex,,RR,5ban Graphics,https://asia.pokemon-card.com/hk/card-img/hk00014682.png,https://www.pokemon-card.com/assets/images/card_images/large/M2a/048623_P_ROKETTODANNOKUROBATTOEX.jpg
M2a,超級進化夢想ex,MEGAドリームex,,2025-12-05,I,https://asia.pokemon-card.com/hk/card-search/list/?expansionCodes=M2a,102/193,,<火箭隊的>黑暗鴉,ロケット団のヤミカラス,,,Mugi Hamada,https://asia.pokemon-card.com/hk/card-img/hk00015435.png,https://www.pokemon-card.com/assets/images/card_images/large/M2a/048624_P_ROKETTODANNOYAMIKARASU.jpg
M2a,超級進化夢想ex,MEGAドリームex,,2025-12-05,I,https://asia.pokemon-card.com/hk/card-search/list/?expansionCodes=M2a,103/193,,火箭隊的烏鴉頭頭,ロケット団のドンカラス,,,hncl,https://asia.pokemon-card.com/hk/card-img/hk00015437.png,https://www.pokemon-card.com/assets/images/card_images/large/M2a/048625_P_ROKETTODANNODONKARASU.jpg
M2a,超級進化夢想ex,MEGAドリームex,,2025-12-05,I,https://asia.pokemon-card.com/hk/card-search/list/?expansionCodes=M2a,104/193,,<火箭隊的>狃拉,ロケット団のニューラ,,,GIDORA,https://asia.pokemon-card.com/hk/card-img/hk00015439.png,https://www.pokemon-card.com/assets/images/card_images/large/M2a/048626_P_ROKETTODANNONIXYURA.jpg
M2a,超級進化夢想ex,MEGAドリームex,,2025-12-05,I,https://asia.pokemon-card.com/hk/card-search/list/?expansionCodes=M2a,105/193,,伽勒爾 蛇紋熊,ガラル ジグザグマ,,,osare,https://asia.pokemon-card.com/hk/card-img/hk00015441.png,https://www.pokemon-card.com/assets/images/card_images/large/M2a/048627_P_GARARUJIGUZAGUMA.jpg
M2a,超級進化夢想ex,MEGAドリームex,,2025-12-05,I,https://asia.pokemon-card.com/hk/card-search/list/?expansionCodes=M2a,106/193,,伽勒爾 直衝熊,ガラル マッスグマ,,,Tomowaka,https://asia.pokemon-card.com/hk/card-img/hk00015443.png,https://www.pokemon-card.com/assets/images/card_images/large/M2a/048628_P_GARARUMASSUGUMA.jpg
M2a,超級進化夢想ex,MEGAドリームex,,2025-12-05,I,https://asia.pokemon-card.com/hk/card-search/list/?expansionCodes=M2a,107/193,,伽勒爾 堵攔熊,ガラル タチフサグマ,,,Dsuke,https://asia.pokemon-card.com/hk/card-img/hk00015445.png,https://www.pokemon-card.com/assets/images/card_images/large/M2a/048629_P_GARARUTACHIFUSAGUMA.jpg
M2a,超級進化夢想ex,MEGAドリームex,,2025-12-05,I,https://asia.pokemon-card.com/hk/card-search/list/?expansionCodes=M2a,108/193,,<竹蘭的>花岩怪,シロナのミカルゲ,,,satoma,https://asia.pokemon-card.com/hk/card-img/hk00015447.png,https://www.pokemon-card.com/assets/images/card_images/large/M2a/048630_P_SHIRONANOMIKARUGE.jpg
M2a,超級進化夢想ex,MEGAドリームex,,2025-12-05,I,https://asia.pokemon-card.com/hk/card-search/list/?expansionCodes=M2a,109/193,,滑滑小子,ズルッグ,,,Shimaris Yukichi,https://asia.pokemon-card.com/hk/card-img/hk00015449.png,https://www.pokemon-card.com/assets/images/card_images/large/M2a/048631_P_ZURUGGU.jpg
M2a,超級進化夢想ex,MEGAドリームex,,2025-12-05,I,https://asia.pokemon-card.com/hk/card-search/list/?expansionCodes=M2a,110/193,,超級頭巾混混ex,メガズルズキンex,,RR,5ban Graphics,https://asia.pokemon-card.com/hk/card-img/hk00014691.png,https://www.pokemon-card.com/assets/images/card_images/large/M2a/048632_P_MZURUZUKINEX.jpg
M2a,超級進化夢想ex,MEGAドリームex,,2025-12-05,I,https://asia.pokemon-card.com/hk/card-search/list/?expansionCodes=M2a,111/193,,N的索羅亞,Nのゾロア,,,Jiro Sasumo,https://asia.pokemon-card.com/hk/card-img/hk00015451.png,https://www.pokemon-card.com/assets/images/card_images/large/M2a/048633_P_NNOZOROA.jpg
M2a,超級進化夢想ex,MEGAドリームex,,2025-12-05,I,https://asia.pokemon-card.com/hk/card-search/list/?expansionCodes=M2a,112/193,,N的索羅亞克ex,Nのゾロアークex,,RR,takuyoa,https://asia.pokemon-card.com/hk/card-img/hk00014693.png,https://www.pokemon-card.com/assets/images/card_images/large/M2a/048634_P_NNOZOROAKUEX.jpg
M2a,超級進化夢想ex,MEGAドリームex,,2025-12-05,I,https://asia.pokemon-card.com/hk/card-search/list/?expansionCodes=M2a,113/193,,流氓熊貓,ゴロンダ,,,takashi shiraishi,https://asia.pokemon-card.com/hk/card-img/hk00015453.png,https://www.pokemon-card.com/assets/images/card_images/large/M2a/048635_P_GORONDA.jpg
M2a,超級進化夢想ex,MEGAドリームex,,2025-12-05,H,https://asia.pokemon-card.com/hk/card-search/list/?expansionCodes=M2a,114/193,,吉雉雞ex,キチキギスex,,RR,takuyoa,https://asia.pokemon-card.com/hk/card-img/hk00014695.png,https://www.pokemon-card.com/assets/images/card_images/large/M2a/048636_P_KICHIKIGISUEX.jpg
M2a,超級進化夢想ex,MEGAドリームex,,2025-12-05,I,https://asia.pokemon-card.com/hk/card-search/list/?expansionCodes=M2a,115/193,,桃歹郎,モモワロウ,,,IKEDA Saki,https://asia.pokemon-card.com/hk/card-img/hk00015455.png,https://www.pokemon-card.com/assets/images/card_images/large/M2a/048637_P_MOMOWAROU.jpg
M2a,超級進化夢想ex,MEGAドリームex,,2025-12-05,I,https://asia.pokemon-card.com/hk/card-search/list/?expansionCodes=M2a,116/193,,駒刀小兵,コマタナ,,,Yuya Oka,https://asia.pokemon-card.com/hk/card-img/hk00015457.png,https://www.pokemon-card.com/assets/images/card_images/large/M2a/048638_P_KOMATANA.jpg
M2a,超級進化夢想ex,MEGAドリームex,,2025-12-05,I,https://asia.pokemon-card.com/hk/card-search/list/?expansionCodes=M2a,117/193,,劈斬司令,キリキザン,,,Scav,https://asia.pokemon-card.com/hk/card-img/hk00015459.png,https://www.pokemon-card.com/assets/images/card_images/large/M2a/048639_P_KIRIKIZAN.jpg
M2a,超級進化夢想ex,MEGAドリームex,,2025-12-05,I,https://asia.pokemon-card.com/hk/card-search/list/?expansionCodes=M2a,118/193,,仆斬將軍,ドドゲザン,,,Teeziro,https://asia.pokemon-card.com/hk/card-img/hk00015461.png,https://www.pokemon-card.com/assets/images/card_images/large/M2a/048640_P_DODOGEZAN.jpg
M2a,超級進化夢想ex,MEGAドリームex,,2025-12-05,I,https://asia.pokemon-card.com/hk/card-search/list/?expansionCodes=M2a,119/193,,蓋諾賽克特ex,ゲノセクトex,,RR,5ban Graphics,https://asia.pokemon-card.com/hk/card-img/hk00014700.png,https://www.pokemon-card.com/assets/images/card_images/large/M2a/048641_P_GENOSEKUTOEX.jpg
M2a,超級進化夢想ex,MEGAドリームex,,2025-12-05,I,https://asia.pokemon-card.com/hk/card-search/list/?expansionCodes=M2a,120/193,,瑪機雅娜,マギアナ,,,rika,https://asia.pokemon-card.com/hk/card-img/hk00015463.png,https://www.pokemon-card.com/assets/images/card_images/large/M2a/048642_P_MAGIANA.jpg
M2a,超級進化夢想ex,MEGAドリームex,,2025-12-05,H,https://asia.pokemon-card.com/hk/card-search/list/?expansionCodes=M2a,121/193,,鋁鋼龍,ジュラルドン,,,Takeshi Nakamura,https://asia.pokemon-card.com/hk/card-img/hk00015465.png,https://www.pokemon-card.com/assets/images/card_images/large/M2a/048643_P_JIXYURARUDON.jpg
M2a,超級進化夢想ex,MEGAドリームex,,2025-12-05,H,https://asia.pokemon-card.com/hk/card-search/list/?expansionCodes=M2a,122/193,,鋁鋼橋龍ex,ブリジュラスex,,RR,5ban Graphics,https://asia.pokemon-card.com/hk/card-img/hk00014703.png,https://www.pokemon-card.com/assets/images/card_images/large/M2a/048644_P_BURIJIXYURASUEX.jpg
M2a,超級進化夢想ex,MEGAドリームex,,2025-12-05,I,https://asia.pokemon-card.com/hk/card-search/list/?expansionCodes=M2a,123/193,,赫普的蒼響ex,ホップのザシアンex,,RR,PLANETA Mochizuki,https://asia.pokemon-card.com/hk/card-img/hk00014704.png,https://www.pokemon-card.com/assets/images/card_images/large/M2a/048645_P_HOPPUNOZASHIANEX.jpg
M2a,超級進化夢想ex,MEGAドリームex,,2025-12-05,I,https://asia.pokemon-card.com/hk/card-search/list/?expansionCodes=M2a,124/193,,迷你龍,ミニリュウ,,,HYOGONOSUKE,https://asia.pokemon-card.com/hk/card-img/hk00015467.png,https://www.pokemon-card.com/assets/images/card_images/large/M2a/048646_P_MINIRIXYUU.jpg
M2a,超級進化夢想ex,MEGAドリームex,,2025-12-05,I,https://asia.pokemon-card.com/hk/card-search/list/?expansionCodes=M2a,125/193,,哈克龍,ハクリュー,,,Gemi,https://asia.pokemon-card.com/hk/card-img/hk00015469.png,https://www.pokemon-card.com/assets/images/card_images/large/M2a/048647_P_HAKURIXYU.jpg
M2a,超級進化夢想ex,MEGAドリームex,,2025-12-05,I,https://asia.pokemon-card.com/hk/card-search/list/?expansionCodes=M2a,126/193,,超級快龍ex,メガカイリューex,,RR,aky CG Works,https://asia.pokemon-card.com/hk/card-img/hk00014707.png,https://www.pokemon-card.com/assets/images/card_images/large/M2a/048648_P_MKAIRIXYUEX.jpg
M2a,超級進化夢想ex,MEGAドリームex,,2025-12-05,I,https://asia.pokemon-card.com/hk/card-search/list/?expansionCodes=M2a,127/193,,烈空坐,レックウザ,,,nagimiso,https://asia.pokemon-card.com/hk/card-img/hk00015471.png,https://www.pokemon-card.com/assets/images/card_images/large/M2a/048649_P_REKKUUZA.jpg
M2a,超級進化夢想ex,MEGAドリームex,,2025-12-05,I,https://asia.pokemon-card.com/hk/card-search/list/?expansionCodes=M2a,128/193,,N的萊希拉姆,Nのレシラム,,,rika,https://asia.pokemon-card.com/hk/card-img/hk00015473.png,https://www.pokemon-card.com/assets/images/card_images/large/M2a/048650_P_NNORESHIRAMU.jpg
M2a,超級進化夢想ex,MEGAドリームex,,2025-12-05,I,https://asia.pokemon-card.com/hk/card-search/list/?expansionCodes=M2a,129/193,,N的捷克羅姆,Nのゼクロム,,,AKIRA EGAWA,https://asia.pokemon-card.com/hk/card-img/hk00015475.png,https://www.pokemon-card.com/assets/images/card_images/large/M2a/048651_P_NNOZEKUROMU.jpg
M2a,超級進化夢想ex,MEGAドリームex,,2025-12-05,I,https://asia.pokemon-card.com/hk/card-search/list/?expansionCodes=M2a,130/193,,嗡蝠,オンバット,,,Eri Kamei,https://asia.pokemon-card.com/hk/card-img/hk00015477.png,https://www.pokemon-card.com/assets/images/card_images/large/M2a/048652_P_ONBATTO.jpg
M2a,超級進化夢想ex,MEGAドリームex,,2025-12-05,I,https://asia.pokemon-card.com/hk/card-search/list/?expansionCodes=M2a,131/193,,音波龍,オンバーン,,,Natsumi Miyanose,https://asia.pokemon-card.com/hk/card-img/hk00015479.png,https://www.pokemon-card.com/assets/images/card_images/large/M2a/048653_P_ONBAN.jpg
M2a,超級進化夢想ex,MEGAドリームex,,2025-12-05,H,https://asia.pokemon-card.com/hk/card-search/list/?expansionCodes=M2a,132/193,,多龍梅西亞,ドラメシヤ,,,Scav,https://asia.pokemon-card.com/hk/card-img/hk00015481.png,https://www.pokemon-card.com/assets/images/card_images/large/M2a/048654_P_DORAMESHIYA.jpg
M2a,超級進化夢想ex,MEGAドリームex,,2025-12-05,H,https://asia.pokemon-card.com/hk/card-search/list/?expansionCodes=M2a,133/193,,多龍奇,ドロンチ,,,cochi8i,https://asia.pokemon-card.com/hk/card-img/hk00015483.png,https://www.pokemon-card.com/assets/images/card_images/large/M2a/048655_P_DORONCHI.jpg
M2a,超級進化夢想ex,MEGAドリームex,,2025-12-05,H,https://asia.pokemon-card.com/hk/card-search/list/?expansionCodes=M2a,134/193,,多龍巴魯托ex,ドラパルトex,,RR,5ban Graphics,https://asia.pokemon-card.com/hk/card-img/hk00014715.png,https://www.pokemon-card.com/assets/images/card_images/large/M2a/048656_P_DORAPARUTOEX.jpg
M2a,超級進化夢想ex,MEGAドリームex,,2025-12-05,H,https://asia.pokemon-card.com/hk/card-search/list/?expansionCodes=M2a,135/193,,米立龍,シャリタツ,,,Jerky,https://asia.pokemon-card.com/hk/card-img/hk00015485.png,https://www.pokemon-card.com/assets/images/card_images/large/M2a/048657_P_SHIXYARITATSU.jpg
M2a,超級進化夢想ex,MEGAドリームex,,2025-12-05,I,https://asia.pokemon-card.com/hk/card-search/list/?expansionCodes=M2a,136/193,,赫普的卡比獸,ホップのカビゴン,,,OKACHEKE,https://asia.pokemon-card.com/hk/card-img/hk00015487.png,https://www.pokemon-card.com/assets/images/card_images/large/M2a/048658_P_HOPPUNOKABIGON.jpg
M2a,超級進化夢想ex,MEGAドリームex,,2025-12-05,H,https://asia.pokemon-card.com/hk/card-search/list/?expansionCodes=M2a,137/193,,咕咕,ホーホー,,,Yukihiro Tada,https://asia.pokemon-card.com/hk/card-img/hk00015489.png,https://www.pokemon-card.com/assets/images/card_images/large/M2a/048659_P_HOHO.jpg
M2a,超級進化夢想ex,MEGAドリームex,,2025-12-05,H,https://asia.pokemon-card.com/hk/card-search/list/?expansionCodes=M2a,138/193,,貓頭夜鷹,ヨルノズク,,,matazo,https://asia.pokemon-card.com/hk/card-img/hk00015491.png,https://www.pokemon-card.com/assets/images/card_images/large/M2a/048660_P_YORUNOZUKU.jpg
M2a,超級進化夢想ex,MEGAドリームex,,2025-12-05,H,https://asia.pokemon-card.com/hk/card-search/list/?expansionCodes=M2a,139/193,,旋轉洛托姆,スピンロトム,,,Toshinao Aoki,https://asia.pokemon-card.com/hk/card-img/hk00015493.png,https://www.pokemon-card.com/assets/images/card_images/large/M2a/048661_P_SUPINROTOMU.jpg
M2a,超級進化夢想ex,MEGAドリームex,,2025-12-05,H,https://asia.pokemon-card.com/hk/card-search/list/?expansionCodes=M2a,140/193,,爆炸頭水牛,バッフロン,,,GOSSAN,https://asia.pokemon-card.com/hk/card-img/hk00015495.png,https://www.pokemon-card.com/assets/images/card_images/large/M2a/048662_P_BAFFURON.jpg
M2a,超級進化夢想ex,MEGAドリームex,,2025-12-05,I,https://asia.pokemon-card.com/hk/card-search/list/?expansionCodes=M2a,141/193,,赫普的毛辮羊,ホップのウールー,,,Tomomi Ozaki,https://asia.pokemon-card.com/hk/card-img/hk00015497.png,https://www.pokemon-card.com/assets/images/card_images/large/M2a/048663_P_HOPPUNOURU.jpg
M2a,超級進化夢想ex,MEGAドリームex,,2025-12-05,I,https://asia.pokemon-card.com/hk/card-search/list/?expansionCodes=M2a,142/193,,赫普的毛毛角羊,ホップのバイウールー,,,Ryota Murayama,https://asia.pokemon-card.com/hk/card-img/hk00015499.png,https://www.pokemon-card.com/assets/images/card_images/large/M2a/048664_P_HOPPUNOBAIURU.jpg
M2a,超級進化夢想ex,MEGAドリームex,,2025-12-05,I,https://asia.pokemon-card.com/hk/card-search/list/?expansionCodes=M2a,143/193,,赫普的古月鳥,ホップのウッウ,,,Saboteri,https://asia.pokemon-card.com/hk/card-img/hk00015501.png,https://www.pokemon-card.com/assets/images/card_images/large/M2a/048665_P_HOPPUNOUUU.jpg
M2a,超級進化夢想ex,MEGAドリームex,,2025-12-05,H,https://asia.pokemon-card.com/hk/card-search/list/?expansionCodes=M2a,144/193,,太樂巴戈斯,テラパゴス,,,GIDORA,https://asia.pokemon-card.com/hk/card-img/hk00015503.png,https://www.pokemon-card.com/assets/images/card_images/large/M2a/048666_P_TERAPAGOSU.jpg
M2a,超級進化夢想ex,MEGAドリームex,,2025-12-05,H,https://asia.pokemon-card.com/hk/card-search/list/?expansionCodes=M2a,145/193,,太樂巴戈斯ex,テラパゴスex,,RR,5ban Graphics,https://asia.pokemon-card.com/hk/card-img/hk00014726.png,https://www.pokemon-card.com/assets/images/card_images/large/M2a/048667_P_TERAPAGOSUEX.jpg
M2a,超級進化夢想ex,MEGAドリームex,,2025-12-05,I,https://asia.pokemon-card.com/hk/card-search/list/?expansionCodes=M2a,146/193,,N的ＰＰ提升劑,Nのポイントアップ,,,Toyste Beach,https://asia.pokemon-card.com/hk/card-img/hk00014727.png,https://www.pokemon-card.com/assets/images/card_images/large/M2a/048668_T_NNOPOINTOAPPU.jpg
M2a,超級進化夢想ex,MEGAドリームex,,2025-12-05,I,https://asia.pokemon-card.com/hk/card-search/list/?expansionCodes=M2a,147/193,,能量回收器,エネルギーリサイクル,,,Toyste Beach,https://asia.pokemon-card.com/hk/card-img/hk00014728.png,https://www.pokemon-card.com/assets/images/card_images/large/M2a/048669_T_ENERUGIRISAIKURU.jpg
M2a,超級進化夢想ex,MEGAドリームex,,2025-12-05,H,https://asia.pokemon-card.com/hk/card-search/list/?expansionCodes=M2a,148/193,,改造之錘,改造ハンマー,,,Eske Yoshinob,https://asia.pokemon-card.com/hk/card-img/hk00014729.png,https://www.pokemon-card.com/assets/images/card_images/large/M2a/048670_T_KAIZOUHANMA.jpg
M2a,超級進化夢想ex,MEGAドリームex,,2025-12-05,H,https://asia.pokemon-card.com/hk/card-search/list/?expansionCodes=M2a,149/193,,玻璃喇叭,ガラスのラッパ,,,Toyste Beach,https://asia.pokemon-card.com/hk/card-img/hk00014730.png,https://www.pokemon-card.com/assets/images/card_images/large/M2a/048671_T_GARASUNORAPPA.jpg
M2a,超級進化夢想ex,MEGAドリームex,,2025-12-05,I,https://asia.pokemon-card.com/hk/card-search/list/?expansionCodes=M2a,150/193,,聖灰,せいなるはい,,,Eske Yoshinob,https://asia.pokemon-card.com/hk/card-img/hk00014731.png,https://www.pokemon-card.com/assets/images/card_images/large/M2a/048672_T_SEINARUHAI.jpg
M2a,超級進化夢想ex,MEGAドリームex,,2025-12-05,I,https://asia.pokemon-card.com/hk/card-search/list/?expansionCodes=M2a,151/193,,道具拆除器,ツールスクラッパー,,,Studio Bora Inc.,https://asia.pokemon-card.com/hk/card-img/hk00014732.png,https://www.pokemon-card.com/assets/images/card_images/large/M2a/048673_T_TSURUSUKURAPPA.jpg
M2a,超級進化夢想ex,MEGAドリームex,,2025-12-05,H,https://asia.pokemon-card.com/hk/card-search/list/?expansionCodes=M2a,152/193,,太晶珠,テラスタルオーブ,,,Ayaka Yoshida,https://asia.pokemon-card.com/hk/card-img/hk00014733.png,https://www.pokemon-card.com/assets/images/card_images/large/M2a/048674_T_TERASUTARUOBU.jpg
M2a,超級進化夢想ex,MEGAドリームex,,2025-12-05,H,https://asia.pokemon-card.com/hk/card-search/list/?expansionCodes=M2a,153/193,,好友寶芬,なかよしポフィン,,,AYUMI ODASHIMA,https://asia.pokemon-card.com/hk/card-img/hk00014734.png,https://www.pokemon-card.com/assets/images/card_images/large/M2a/048675_T_NAKAYOSHIPOFUIN.jpg
M2a,超級進化夢想ex,MEGAドリームex,,2025-12-05,I,https://asia.pokemon-card.com/hk/card-search/list/?expansionCodes=M2a,154/193,,力量蛋白飲,パワープロテイン,,,Toyste Beach,https://asia.pokemon-card.com/hk/card-img/hk00014735.png,https://www.pokemon-card.com/assets/images/card_images/large/M2a/048676_T_PAWAPUROTEIN.jpg
M2a,超級進化夢想ex,MEGAドリームex,,2025-12-05,I,https://asia.pokemon-card.com/hk/card-search/list/?expansionCodes=M2a,155/193,,戰鬥鑼,ファイトゴング,,,Toyste Beach,https://asia.pokemon-card.com/hk/card-img/hk00014736.png,https://www.pokemon-card.com/assets/images/card_images/large/M2a/048677_T_FUAITOGONGU.jpg
M2a,超級進化夢想ex,MEGAドリームex,,2025-12-05,I,https://asia.pokemon-card.com/hk/card-search/list/?expansionCodes=M2a,156/193,,赫普的包包,ホップのバッグ,,,AYUMI ODASHIMA,https://asia.pokemon-card.com/hk/card-img/hk00014737.png,https://www.pokemon-card.com/assets/images/card_images/large/M2a/048678_T_HOPPUNOBAGGU.jpg
M2a,超級進化夢想ex,MEGAドリームex,,2025-12-05,H,https://asia.pokemon-card.com/hk/card-search/list/?expansionCodes=M2a,157/193,,捕蟲組合,むしとりセット,,,AYUMI ODASHIMA,https://asia.pokemon-card.com/hk/card-img/hk00014738.png,https://www.pokemon-card.com/assets/images/card_images/large/M2a/048679_T_MUSHITORISETTO.jpg
M2a,超級進化夢想ex,MEGAドリームex,,2025-12-05,I,https://asia.pokemon-card.com/hk/card-search/list/?expansionCodes=M2a,158/193,,超級信號,メガシグナル,,,inose yukie,https://asia.pokemon-card.com/hk/card-img/hk00014739.png,https://www.pokemon-card.com/assets/images/card_images/large/M2a/048680_T_MSHIGUNARU.jpg
M2a,超級進化夢想ex,MEGAドリームex,,2025-12-05,H,https://asia.pokemon-card.com/hk/card-search/list/?expansionCodes=M2a,159/193,,夜間擔架,夜のタンカ,,,Toyste Beach,https://asia.pokemon-card.com/hk/card-img/hk00014740.png,https://www.pokemon-card.com/assets/images/card_images/large/M2a/048681_T_YORUNOTANKA.jpg
M2a,超級進化夢想ex,MEGAドリームex,,2025-12-05,I,https://asia.pokemon-card.com/hk/card-search/list/?expansionCodes=M2a,160/193,,火箭隊的接收器,ロケット団のレシーバー,,,inose yukie,https://asia.pokemon-card.com/hk/card-img/hk00014741.png,https://www.pokemon-card.com/assets/images/card_images/large/M2a/048682_T_ROKETTODANNORESHIBA.jpg
M2a,超級進化夢想ex,MEGAドリームex,,2025-12-05,H,https://asia.pokemon-card.com/hk/card-search/list/?expansionCodes=M2a,161/193,,反擊增幅器,カウンターゲイン,,,Toyste Beach,https://asia.pokemon-card.com/hk/card-img/hk00014742.png,https://www.pokemon-card.com/assets/images/card_images/large/M2a/048683_T_KAUNTAGEIN.jpg
M2a,超級進化夢想ex,MEGAドリームex,,2025-12-05,I,https://asia.pokemon-card.com/hk/card-search/list/?expansionCodes=M2a,162/193,,竹蘭的力量負重,シロナのパワーウエイト,,,Studio Bora Inc.,https://asia.pokemon-card.com/hk/card-img/hk00014743.png,https://www.pokemon-card.com/assets/images/card_images/large/M2a/048684_T_SHIRONANOPAWAUEITO.jpg
M2a,超級進化夢想ex,MEGAドリームex,,2025-12-05,I,https://asia.pokemon-card.com/hk/card-search/list/?expansionCodes=M2a,163/193,,電氣球,でんきだま,,,Studio Bora Inc.,https://asia.pokemon-card.com/hk/card-img/hk00014744.png,https://www.pokemon-card.com/assets/images/card_images/large/M2a/048685_T_DENKIDAMA.jpg
M2a,超級進化夢想ex,MEGAドリームex,,2025-12-05,I,https://asia.pokemon-card.com/hk/card-search/list/?expansionCodes=M2a,164/193,,渾厚鱗片,ぶあついうろこ,,,Toyste Beach,https://asia.pokemon-card.com/hk/card-img/hk00014745.png,https://www.pokemon-card.com/assets/images/card_images/large/M2a/048686_T_BUATSUIUROKO.jpg
M2a,超級進化夢想ex,MEGAドリームex,,2025-12-05,I,https://asia.pokemon-card.com/hk/card-search/list/?expansionCodes=M2a,165/193,,氣球,ふうせん,,,Studio Bora Inc.,https://asia.pokemon-card.com/hk/card-img/hk00014746.png,https://www.pokemon-card.com/assets/images/card_images/large/M2a/048687_T_FUUSEN.jpg
M2a,超級進化夢想ex,MEGAドリームex,,2025-12-05,I,https://asia.pokemon-card.com/hk/card-search/list/?expansionCodes=M2a,166/193,,猛攻手鐲,ブレイブバングル,,,Toyste Beach,https://asia.pokemon-card.com/hk/card-img/hk00014747.png,https://www.pokemon-card.com/assets/images/card_images/large/M2a/048688_T_BUREIBUBANGURU.jpg
M2a,超級進化夢想ex,MEGAドリームex,,2025-12-05,I,https://asia.pokemon-card.com/hk/card-search/list/?expansionCodes=M2a,167/193,,赫普的講究頭帶,ホップのこだわりハチマキ,,,Toyste Beach,https://asia.pokemon-card.com/hk/card-img/hk00014748.png,https://www.pokemon-card.com/assets/images/card_images/large/M2a/048689_T_HOPPUNOKODAWARIHACHIMAKI.jpg
M2a,超級進化夢想ex,MEGAドリームex,,2025-12-05,I,https://asia.pokemon-card.com/hk/card-search/list/?expansionCodes=M2a,168/193,,艾莉絲的鬥志,アイリスの闘志,,,yuu,https://asia.pokemon-card.com/hk/card-img/hk00014749.png,https://www.pokemon-card.com/assets/images/card_images/large/M2a/048690_T_AIRISUNOTOUSHI.jpg
M2a,超級進化夢想ex,MEGAドリームex,,2025-12-05,I,https://asia.pokemon-card.com/hk/card-search/list/?expansionCodes=M2a,169/193,,阿塞蘿拉的惡作劇,アセロラのいたずら,,,Yuu Nishida,https://asia.pokemon-card.com/hk/card-img/hk00014750.png,https://www.pokemon-card.com/assets/images/card_images/large/M2a/048691_T_ASERORANOITAZURA.jpg
M2a,超級進化夢想ex,MEGAドリームex,,2025-12-05,I,https://asia.pokemon-card.com/hk/card-search/list/?expansionCodes=M2a,170/193,,卡娜莉,カナリィ,,,Naoki Saito,https://asia.pokemon-card.com/hk/card-img/hk00014751.png,https://www.pokemon-card.com/assets/images/card_images/large/M2a/048692_T_KANARII.jpg
M2a,超級進化夢想ex,MEGAドリームex,,2025-12-05,H,https://asia.pokemon-card.com/hk/card-search/list/?expansionCodes=M2a,171/193,,衝浪手,サーファー,,,Hideki Ishikawa,https://asia.pokemon-card.com/hk/card-img/hk00014752.png,https://www.pokemon-card.com/assets/images/card_images/large/M2a/048693_T_SAFUA.jpg
M2a,超級進化夢想ex,MEGAドリームex,,2025-12-05,I,https://asia.pokemon-card.com/hk/card-search/list/?expansionCodes=M2a,172/193,,鬥子,トウコ,,,yuu,https://asia.pokemon-card.com/hk/card-img/hk00014753.png,https://www.pokemon-card.com/assets/images/card_images/large/M2a/048694_T_TOUKO.jpg
M2a,超級進化夢想ex,MEGAドリームex,,2025-12-05,I,https://asia.pokemon-card.com/hk/card-search/list/?expansionCodes=M2a,173/193,,巴貝娜與荷蓮娜,バーベナとヘレナ,,,Sanosuke Sakuma,https://asia.pokemon-card.com/hk/card-img/hk00014754.png,https://www.pokemon-card.com/assets/images/card_images/large/M2a/048695_T_BABENATOHERENA.jpg
M2a,超級進化夢想ex,MEGAドリームex,,2025-12-05,I,https://asia.pokemon-card.com/hk/card-search/list/?expansionCodes=M2a,174/193,,阿響的冒險,ヒビキの冒険,,,Iori Suzuki,https://asia.pokemon-card.com/hk/card-img/hk00014755.png,https://www.pokemon-card.com/assets/images/card_images/large/M2a/048696_T_HIBIKINOBOUKEN.jpg
M2a,超級進化夢想ex,MEGAドリームex,,2025-12-05,I,https://asia.pokemon-card.com/hk/card-search/list/?expansionCodes=M2a,175/193,,莉莉艾的決意,リーリエの決心,,,Atsushi Furusawa,https://asia.pokemon-card.com/hk/card-img/hk00014756.png,https://www.pokemon-card.com/assets/images/card_images/large/M2a/048697_T_RIRIENOKESSHIN.jpg
M2a,超級進化夢想ex,MEGAドリームex,,2025-12-05,I,https://asia.pokemon-card.com/hk/card-search/list/?expansionCodes=M2a,176/193,,火箭隊的雅典娜,ロケット団のアテナ,,,hncl,https://asia.pokemon-card.com/hk/card-img/hk00014757.png,https://www.pokemon-card.com/assets/images/card_images/large/M2a/048698_T_ROKETTODANNOATENA.jpg
M2a,超級進化夢想ex,MEGAドリームex,,2025-12-05,I,https://asia.pokemon-card.com/hk/card-search/list/?expansionCodes=M2a,177/193,,火箭隊的阿波羅,ロケット団のアポロ,,,Hideki Ishikawa,https://asia.pokemon-card.com/hk/card-img/hk00014758.png,https://www.pokemon-card.com/assets/images/card_images/large/M2a/048699_T_ROKETTODANNOAPORO.jpg
M2a,超級進化夢想ex,MEGAドリームex,,2025-12-05,I,https://asia.pokemon-card.com/hk/card-search/list/?expansionCodes=M2a,178/193,,火箭隊的坂木,ロケット団のサカキ,,,akagi,https://asia.pokemon-card.com/hk/card-img/hk00014759.png,https://www.pokemon-card.com/assets/images/card_images/large/M2a/048700_T_ROKETTODANNOSAKAKI.jpg
M2a,超級進化夢想ex,MEGAドリームex,,2025-12-05,I,https://asia.pokemon-card.com/hk/card-search/list/?expansionCodes=M2a,179/193,,火箭隊的拉姆達,ロケット団のラムダ,,,GOSSAN,https://asia.pokemon-card.com/hk/card-img/hk00014760.png,https://www.pokemon-card.com/assets/images/card_images/large/M2a/048701_T_ROKETTODANNORAMUDA.jpg
M2a,超級進化夢想ex,MEGAドリームex,,2025-12-05,I,https://asia.pokemon-card.com/hk/card-search/list/?expansionCodes=M2a,180/193,,火箭隊的蘭斯,ロケット団のランス,,,Naoki Saito,https://asia.pokemon-card.com/hk/card-img/hk00014761.png,https://www.pokemon-card.com/assets/images/card_images/large/M2a/048702_T_ROKETTODANNORANSU.jpg
M2a,超級進化夢想ex,MEGAドリームex,,2025-12-05,I,https://asia.pokemon-card.com/hk/card-search/list/?expansionCodes=M2a,181/193,,N的城堡,Nの城,,,AYUMI ODASHIMA,https://asia.pokemon-card.com/hk/card-img/hk00014762.png,https://www.pokemon-card.com/assets/images/card_images/large/M2a/048703_T_NNOSHIRO.jpg
M2a,超級進化夢想ex,MEGAドリームex,,2025-12-05,I,https://asia.pokemon-card.com/hk/card-search/list/?expansionCodes=M2a,182/193,,活力森林,活力の森,,,AYUMI ODASHIMA,https://asia.pokemon-card.com/hk/card-img/hk00014763.png,https://www.pokemon-card.com/assets/images/card_images/large/M2a/048704_T_KATSURIXYOKUNOMORI.jpg
M2a,超級進化夢想ex,MEGAドリームex,,2025-12-05,H,https://asia.pokemon-card.com/hk/card-search/list/?expansionCodes=M2a,183/193,,引力山岳,グラビティーマウンテン,,,AYUMI ODASHIMA,https://asia.pokemon-card.com/hk/card-img/hk00014764.png,https://www.pokemon-card.com/assets/images/card_images/large/M2a/048705_T_GURABITEIMAUNTEN.jpg
M2a,超級進化夢想ex,MEGAドリームex,,2025-12-05,H,https://asia.pokemon-card.com/hk/card-search/list/?expansionCodes=M2a,184/193,,零之大空洞,ゼロの大空洞,,,MARINA Chikazawa,https://asia.pokemon-card.com/hk/card-img/hk00014765.png,https://www.pokemon-card.com/assets/images/card_images/large/M2a/048706_T_ZERONODAIKUUDOU.jpg
M2a,超級進化夢想ex,MEGAドリームex,,2025-12-05,I,https://asia.pokemon-card.com/hk/card-search/list/?expansionCodes=M2a,185/193,,釀光市,ハッコウシティ,,,MARINA Chikazawa,https://asia.pokemon-card.com/hk/card-img/hk00014766.png,https://www.pokemon-card.com/assets/images/card_images/large/M2a/048707_T_HAKKOUSHITEI.jpg
M2a,超級進化夢想ex,MEGAドリームex,,2025-12-05,I,https://asia.pokemon-card.com/hk/card-search/list/?expansionCodes=M2a,186/193,,化朗鎮,ハロンタウン,,,AYUMI ODASHIMA,https://asia.pokemon-card.com/hk/card-img/hk00014767.png,https://www.pokemon-card.com/assets/images/card_images/large/M2a/048708_T_HARONTAUN.jpg
M2a,超級進化夢想ex,MEGAドリームex,,2025-12-05,I,https://asia.pokemon-card.com/hk/card-search/list/?expansionCodes=M2a,187/193,,神秘花園,ミステリーガーデン,,,AYUMI ODASHIMA,https://asia.pokemon-card.com/hk/card-img/hk00014768.png,https://www.pokemon-card.com/assets/images/card_images/large/M2a/048709_T_MISUTERIGADEN.jpg
M2a,超級進化夢想ex,MEGAドリームex,,2025-12-05,I,https://asia.pokemon-card.com/hk/card-search/list/?expansionCodes=M2a,188/193,,夜間礦山,夜の鉱山,,,Kenichi Yamaguchi,https://asia.pokemon-card.com/hk/card-img/hk00014769.png,https://www.pokemon-card.com/assets/images/card_images/large/M2a/048710_T_YORUNOKOUZAN.jpg
M2a,超級進化夢想ex,MEGAドリームex,,2025-12-05,I,https://asia.pokemon-card.com/hk/card-search/list/?expansionCodes=M2a,189/193,,火箭隊的監視塔,ロケット団の監視塔,,,AYUMI ODASHIMA,https://asia.pokemon-card.com/hk/card-img/hk00014770.png,https://www.pokemon-card.com/assets/images/card_images/large/M2a/048711_T_ROKETTODANNOKANSHITOU.jpg
M2a,超級進化夢想ex,MEGAドリームex,,2025-12-05,I,https://asia.pokemon-card.com/hk/card-search/list/?expansionCodes=M2a,190/193,,火箭隊的工廠,ロケット団のファクトリー,,,imoniii,https://asia.pokemon-card.com/hk/card-img/hk00014771.png,https://www.pokemon-card.com/assets/images/card_images/large/M2a/048712_T_ROKETTODANNOFUAKUTORI.jpg
M2a,超級進化夢想ex,MEGAドリームex,,2025-12-05,I,https://asia.pokemon-card.com/hk/card-search/list/?expansionCodes=M2a,191/193,,燃火能量,イグニッションエネルギー,,,ハイクラスパック 「MEGAドリームex」,https://asia.pokemon-card.com/hk/card-img/hk00014772.png,https://www.pokemon-card.com/assets/images/card_images/large/M2a/048713_E_IGUNISSHIXYONENERUGI.jpg
M2a,超級進化夢想ex,MEGAドリームex,,2025-12-05,I,https://asia.pokemon-card.com/hk/card-search/list/?expansionCodes=M2a,192/193,,稜鏡能量,プリズムエネルギー,,,ハイクラスパック 「MEGAドリームex」,https://asia.pokemon-card.com/hk/card-img/hk00014773.png,https://www.pokemon-card.com/assets/images/card_images/large/M2a/048714_E_PURIZUMUENERUGI.jpg
M2a,超級進化夢想ex,MEGAドリームex,,2025-12-05,I,https://asia.pokemon-card.com/hk/card-search/list/?expansionCodes=M2a,193/193,,火箭隊能量,ロケット団エネルギー,,,ハイクラスパック 「MEGAドリームex」,https://asia.pokemon-card.com/hk/card-img/hk00014774.png,https://www.pokemon-card.com/assets/images/card_images/large/M2a/048715_E_ROKETTODANENERUGI.jpg
M2a,超級進化夢想ex,MEGAドリームex,,2025-12-05,I,https://asia.pokemon-card.com/hk/card-search/list/?expansionCodes=M2a,194/193,,狩獵鳳蝶,アゲハント,,AR,Mori Yuu,https://asia.pokemon-card.com/hk/card-img/hk00015211.png,https://www.pokemon-card.com/assets/images/card_images/large/M2a/049954_P_AGEHANTO.jpg
M2a,超級進化夢想ex,MEGAドリームex,,2025-12-05,I,https://asia.pokemon-card.com/hk/card-search/list/?expansionCodes=M2a,195/193,,毒粉蛾,ドクケイル,,AR,IKEDA Saki,https://asia.pokemon-card.com/hk/card-img/hk00015212.png,https://www.pokemon-card.com/assets/images/card_images/large/M2a/049955_P_DOKUKEIRU.jpg
M2a,超級進化夢想ex,MEGAドリームex,,2025-12-05,H,https://asia.pokemon-card.com/hk/card-search/list/?expansionCodes=M2a,196/193,,含羞苞,スボミー,,AR,Yoko Hishida,https://asia.pokemon-card.com/hk/card-img/hk00015213.png,https://www.pokemon-card.com/assets/images/card_images/large/M2a/049956_P_SUBOMI.jpg
M2a,超級進化夢想ex,MEGAドリームex,,2025-12-05,I,https://asia.pokemon-card.com/hk/card-search/list/?expansionCodes=M2a,197/193,,<阿響的>熔岩蝸牛,ヒビキのマグカルゴ,,AR,Hideki Ishikawa,https://asia.pokemon-card.com/hk/card-img/hk00015214.png,https://www.pokemon-card.com/assets/images/card_images/large/M2a/049957_P_HIBIKINOMAGUKARUGO.jpg
M2a,超級進化夢想ex,MEGAドリームex,,2025-12-05,I,https://asia.pokemon-card.com/hk/card-search/list/?expansionCodes=M2a,198/193,,呆火駝,ドンメル,,AR,Yoshimi Miyoshi,https://asia.pokemon-card.com/hk/card-img/hk00015215.png,https://www.pokemon-card.com/assets/images/card_images/large/M2a/049958_P_DONMERU.jpg
M2a,超級進化夢想ex,MEGAドリームex,,2025-12-05,I,https://asia.pokemon-card.com/hk/card-search/list/?expansionCodes=M2a,199/193,,可達鴨,コダック,,AR,REND,https://asia.pokemon-card.com/hk/card-img/hk00015216.png,https://www.pokemon-card.com/assets/images/card_images/large/M2a/049959_P_KODAKKU.jpg
M2a,超級進化夢想ex,MEGAドリームex,,2025-12-05,I,https://asia.pokemon-card.com/hk/card-search/list/?expansionCodes=M2a,200/193,,雪童子,ユキワラシ,,AR,June,https://asia.pokemon-card.com/hk/card-img/hk00015217.png,https://www.pokemon-card.com/assets/images/card_images/large/M2a/049960_P_YUKIWARASHI.jpg
M2a,超級進化夢想ex,MEGAドリームex,,2025-12-05,I,https://asia.pokemon-card.com/hk/card-search/list/?expansionCodes=M2a,201/193,,光電傘蜥,エレザード,,AR,Takeshi Nakamura,https://asia.pokemon-card.com/hk/card-img/hk00015218.png,https://www.pokemon-card.com/assets/images/card_images/large/M2a/049961_P_EREZADO.jpg
M2a,超級進化夢想ex,MEGAドリームex,,2025-12-05,I,https://asia.pokemon-card.com/hk/card-search/list/?expansionCodes=M2a,202/193,,夢妖,ムウマ,,AR,mashu,https://asia.pokemon-card.com/hk/card-img/hk00015219.png,https://www.pokemon-card.com/assets/images/card_images/large/M2a/049962_P_MUUMA.jpg
M2a,超級進化夢想ex,MEGAドリームex,,2025-12-05,H,https://asia.pokemon-card.com/hk/card-search/list/?expansionCodes=M2a,203/193,,波克基斯,トゲキッス,,AR,satoma,https://asia.pokemon-card.com/hk/card-img/hk00015220.png,https://www.pokemon-card.com/assets/images/card_images/large/M2a/049963_P_TOGEKISSU.jpg
M2a,超級進化夢想ex,MEGAドリームex,,2025-12-05,I,https://asia.pokemon-card.com/hk/card-search/list/?expansionCodes=M2a,204/193,,赫普的朽木妖,ホップのオーロット,,AR,Tomowaka,https://asia.pokemon-card.com/hk/card-img/hk00015221.png,https://www.pokemon-card.com/assets/images/card_images/large/M2a/049964_P_HOPPUNOOROTTO.jpg
M2a,超級進化夢想ex,MEGAドリームex,,2025-12-05,I,https://asia.pokemon-card.com/hk/card-search/list/?expansionCodes=M2a,205/193,,<火箭隊的>謎擬Q,ロケット団のミミッキュ,,AR,GOSSAN,https://asia.pokemon-card.com/hk/card-img/hk00015222.png,https://www.pokemon-card.com/assets/images/card_images/large/M2a/049965_P_ROKETTODANNOMIMIKKIXYU.jpg
M2a,超級進化夢想ex,MEGAドリームex,,2025-12-05,I,https://asia.pokemon-card.com/hk/card-search/list/?expansionCodes=M2a,206/193,,火箭隊的三地鼠,ロケット団のダグトリオ,,AR,Whisker,https://asia.pokemon-card.com/hk/card-img/hk00015223.png,https://www.pokemon-card.com/assets/images/card_images/large/M2a/049966_P_ROKETTODANNODAGUTORIO.jpg
M2a,超級進化夢想ex,MEGAドリームex,,2025-12-05,I,https://asia.pokemon-card.com/hk/card-search/list/?expansionCodes=M2a,207/193,,恰雷姆,チャーレム,,AR,KEIICHIRO ITO,https://asia.pokemon-card.com/hk/card-img/hk00015224.png,https://www.pokemon-card.com/assets/images/card_images/large/M2a/049967_P_CHIXYAREMU.jpg
M2a,超級進化夢想ex,MEGAドリームex,,2025-12-05,I,https://asia.pokemon-card.com/hk/card-search/list/?expansionCodes=M2a,208/193,,<竹蘭的>花岩怪,シロナのミカルゲ,,AR,hncl,https://asia.pokemon-card.com/hk/card-img/hk00015225.png,https://www.pokemon-card.com/assets/images/card_images/large/M2a/049968_P_SHIRONANOMIKARUGE.jpg
M2a,超級進化夢想ex,MEGAドリームex,,2025-12-05,I,https://asia.pokemon-card.com/hk/card-search/list/?expansionCodes=M2a,209/193,,伽勒爾 堵攔熊,ガラル タチフサグマ,,AR,Krgc,https://asia.pokemon-card.com/hk/card-img/hk00015226.png,https://www.pokemon-card.com/assets/images/card_images/large/M2a/049969_P_GARARUTACHIFUSAGUMA.jpg
M2a,超級進化夢想ex,MEGAドリームex,,2025-12-05,I,https://asia.pokemon-card.com/hk/card-search/list/?expansionCodes=M2a,210/193,,N的捷克羅姆,Nのゼクロム,,AR,Bun Toujo,https://asia.pokemon-card.com/hk/card-img/hk00015227.png,https://www.pokemon-card.com/assets/images/card_images/large/M2a/049970_P_NNOZEKUROMU.jpg
M2a,超級進化夢想ex,MEGAドリームex,,2025-12-05,H,https://asia.pokemon-card.com/hk/card-search/list/?expansionCodes=M2a,211/193,,多龍梅西亞,ドラメシヤ,,AR,Jerky,https://asia.pokemon-card.com/hk/card-img/hk00015228.png,https://www.pokemon-card.com/assets/images/card_images/large/M2a/049971_P_DORAMESHIYA.jpg
M2a,超級進化夢想ex,MEGAドリームex,,2025-12-05,H,https://asia.pokemon-card.com/hk/card-search/list/?expansionCodes=M2a,212/193,,多龍奇,ドロンチ,,AR,Jerky,https://asia.pokemon-card.com/hk/card-img/hk00015229.png,https://www.pokemon-card.com/assets/images/card_images/large/M2a/049972_P_DORONCHI.jpg
M2a,超級進化夢想ex,MEGAドリームex,,2025-12-05,H,https://asia.pokemon-card.com/hk/card-search/list/?expansionCodes=M2a,213/193,,旋轉洛托姆,スピンロトム,,AR,Yukihiro Tada,https://asia.pokemon-card.com/hk/card-img/hk00015230.png,https://www.pokemon-card.com/assets/images/card_images/large/M2a/049973_P_SUPINROTOMU.jpg
M2a,超級進化夢想ex,MEGAドリームex,,2025-12-05,I,https://asia.pokemon-card.com/hk/card-search/list/?expansionCodes=M2a,214/193,,N的ＰＰ提升劑,Nのポイントアップ,,SR,Toyste Beach,https://asia.pokemon-card.com/hk/card-img/hk00015231.png,https://www.pokemon-card.com/assets/images/card_images/large/M2a/049974_T_NNOPOINTOAPPU.jpg
M2a,超級進化夢想ex,MEGAドリームex,,2025-12-05,H,https://asia.pokemon-card.com/hk/card-search/list/?expansionCodes=M2a,215/193,,玻璃喇叭,ガラスのラッパ,,SR,Toyste Beach,https://asia.pokemon-card.com/hk/card-img/hk00015232.png,https://www.pokemon-card.com/assets/images/card_images/large/M2a/049975_T_GARASUNORAPPA.jpg
M2a,超級進化夢想ex,MEGAドリームex,,2025-12-05,I,https://asia.pokemon-card.com/hk/card-search/list/?expansionCodes=M2a,216/193,,高級球,ハイパーボール,,SR,Studio Bora Inc.,https://asia.pokemon-card.com/hk/card-img/hk00015233.png,https://www.pokemon-card.com/assets/images/card_images/large/M2a/049976_T_HAIPABORU.jpg
M2a,超級進化夢想ex,MEGAドリームex,,2025-12-05,I,https://asia.pokemon-card.com/hk/card-search/list/?expansionCodes=M2a,217/193,,火箭隊的接收器,ロケット団のレシーバー,,SR,inose yukie,https://asia.pokemon-card.com/hk/card-img/hk00015234.png,https://www.pokemon-card.com/assets/images/card_images/large/M2a/049977_T_ROKETTODANNORESHIBA.jpg
M2a,超級進化夢想ex,MEGAドリームex,,2025-12-05,H,https://asia.pokemon-card.com/hk/card-search/list/?expansionCodes=M2a,218/193,,反擊增幅器,カウンターゲイン,,SR,Toyste Beach,https://asia.pokemon-card.com/hk/card-img/hk00015235.png,https://www.pokemon-card.com/assets/images/card_images/large/M2a/049978_T_KAUNTAGEIN.jpg
M2a,超級進化夢想ex,MEGAドリームex,,2025-12-05,I,https://asia.pokemon-card.com/hk/card-search/list/?expansionCodes=M2a,219/193,,卡娜莉,カナリィ,,SR,Naoki Saito,https://asia.pokemon-card.com/hk/card-img/hk00015236.png,https://www.pokemon-card.com/assets/images/card_images/large/M2a/049979_T_KANARII.jpg
M2a,超級進化夢想ex,MEGAドリームex,,2025-12-05,H,https://asia.pokemon-card.com/hk/card-search/list/?expansionCodes=M2a,220/193,,空手道王的演練,からておうの稽古,,SR,GOSSAN,https://asia.pokemon-card.com/hk/card-img/hk00015237.png,https://www.pokemon-card.com/assets/images/card_images/large/M2a/049980_T_KARATEOUNOKEIKO.jpg
M2a,超級進化夢想ex,MEGAドリームex,,2025-12-05,I,https://asia.pokemon-card.com/hk/card-search/list/?expansionCodes=M2a,221/193,,巴貝娜與荷蓮娜,バーベナとヘレナ,,SR,Sanosuke Sakuma,https://asia.pokemon-card.com/hk/card-img/hk00015238.png,https://www.pokemon-card.com/assets/images/card_images/large/M2a/049981_T_BABENATOHERENA.jpg
M2a,超級進化夢想ex,MEGAドリームex,,2025-12-05,H,https://asia.pokemon-card.com/hk/card-search/list/?expansionCodes=M2a,222/193,,阻礙之塔,ジャミングタワー,,SR,AYUMI ODASHIMA,https://asia.pokemon-card.com/hk/card-img/hk00015239.png,https://www.pokemon-card.com/assets/images/card_images/large/M2a/049982_T_JIXYAMINGUTAWA.jpg
M2a,超級進化夢想ex,MEGAドリームex,,2025-12-05,I,https://asia.pokemon-card.com/hk/card-search/list/?expansionCodes=M2a,223/193,,超級噴火龍Xex,メガリザードンXex,,MA,Saboteri,https://asia.pokemon-card.com/hk/card-img/hk00015240.png,https://www.pokemon-card.com/assets/images/card_images/large/M2a/049983_P_MRIZADONXEX.jpg
M2a,超級進化夢想ex,MEGAドリームex,,2025-12-05,I,https://asia.pokemon-card.com/hk/card-search/list/?expansionCodes=M2a,224/193,,超級雪妖女ex,メガユキメノコex,,MA,Saboteri,https://asia.pokemon-card.com/hk/card-img/hk00015241.png,https://www.pokemon-card.com/assets/images/card_images/large/M2a/049984_P_MYUKIMENOKOEX.jpg
M2a,超級進化夢想ex,MEGAドリームex,,2025-12-05,I,https://asia.pokemon-card.com/hk/card-search/list/?expansionCodes=M2a,225/193,,超級麻麻鰻魚王ex,メガシビルドンex,,MA,DOM,https://asia.pokemon-card.com/hk/card-img/hk00015242.png,https://www.pokemon-card.com/assets/images/card_images/large/M2a/049985_P_MSHIBIRUDONEX.jpg
M2a,超級進化夢想ex,MEGAドリームex,,2025-12-05,I,https://asia.pokemon-card.com/hk/card-search/list/?expansionCodes=M2a,226/193,,超級沙奈朵ex,メガサーナイトex,,MA,Saboteri,https://asia.pokemon-card.com/hk/card-img/hk00015243.png,https://www.pokemon-card.com/assets/images/card_images/large/M2a/049986_P_MSANAITOEX.jpg
M2a,超級進化夢想ex,MEGAドリームex,,2025-12-05,I,https://asia.pokemon-card.com/hk/card-search/list/?expansionCodes=M2a,227/193,,超級蒂安希ex,メガディアンシーex,,MA,DOM,https://asia.pokemon-card.com/hk/card-img/hk00015244.png,https://www.pokemon-card.com/assets/images/card_images/large/M2a/049987_P_MDEIANSHIEX.jpg
M2a,超級進化夢想ex,MEGAドリームex,,2025-12-05,I,https://asia.pokemon-card.com/hk/card-search/list/?expansionCodes=M2a,228/193,,超級路卡利歐ex,メガルカリオex,,MA,5ban Graphics,https://asia.pokemon-card.com/hk/card-img/hk00015245.png,https://www.pokemon-card.com/assets/images/card_images/large/M2a/049988_P_MRUKARIOEX.jpg
M2a,超級進化夢想ex,MEGAドリームex,,2025-12-05,I,https://asia.pokemon-card.com/hk/card-search/list/?expansionCodes=M2a,229/193,,超級摔角鷹人ex,メガルチャブルex,,MA,Taiga Kasai,https://asia.pokemon-card.com/hk/card-img/hk00015246.png,https://www.pokemon-card.com/assets/images/card_images/large/M2a/049989_P_MRUCHIXYABURUEX.jpg
M2a,超級進化夢想ex,MEGAドリームex,,2025-12-05,I,https://asia.pokemon-card.com/hk/card-search/list/?expansionCodes=M2a,230/193,,超級耿鬼ex,メガゲンガーex,,MA,Taiga Kasai,https://asia.pokemon-card.com/hk/card-img/hk00015247.png,https://www.pokemon-card.com/assets/images/card_images/large/M2a/049990_P_MGENGAEX.jpg
M2a,超級進化夢想ex,MEGAドリームex,,2025-12-05,I,https://asia.pokemon-card.com/hk/card-search/list/?expansionCodes=M2a,231/193,,超級頭巾混混ex,メガズルズキンex,,MA,Taiga Kasai,https://asia.pokemon-card.com/hk/card-img/hk00015248.png,https://www.pokemon-card.com/assets/images/card_images/large/M2a/049991_P_MZURUZUKINEX.jpg
M2a,超級進化夢想ex,MEGAドリームex,,2025-12-05,I,https://asia.pokemon-card.com/hk/card-search/list/?expansionCodes=M2a,232/193,,超級快龍ex,メガカイリューex,,MA,DOM,https://asia.pokemon-card.com/hk/card-img/hk00015249.png,https://www.pokemon-card.com/assets/images/card_images/large/M2a/049992_P_MKAIRIXYUEX.jpg
M2a,超級進化夢想ex,MEGAドリームex,,2025-12-05,I,https://asia.pokemon-card.com/hk/card-search/list/?expansionCodes=M2a,233/193,,超級雪妖女ex,メガユキメノコex,,SAR,Teeziro,https://asia.pokemon-card.com/hk/card-img/hk00015250.png,https://www.pokemon-card.com/assets/images/card_images/large/M2a/049993_P_MYUKIMENOKOEX.jpg
M2a,超級進化夢想ex,MEGAドリームex,,2025-12-05,H,https://asia.pokemon-card.com/hk/card-search/list/?expansionCodes=M2a,234/193,,皮卡丘ex,ピカチュウex,,SAR,James Turner,https://asia.pokemon-card.com/hk/card-img/hk00015251.png,https://www.pokemon-card.com/assets/images/card_images/large/M2a/049994_P_PIKACHIXYUUEX.jpg
M2a,超級進化夢想ex,MEGAドリームex,,2025-12-05,I,https://asia.pokemon-card.com/hk/card-search/list/?expansionCodes=M2a,235/193,,超級麻麻鰻魚王ex,メガシビルドンex,,SAR,akagi,https://asia.pokemon-card.com/hk/card-img/hk00015252.png,https://www.pokemon-card.com/assets/images/card_images/large/M2a/049995_P_MSHIBIRUDONEX.jpg
M2a,超級進化夢想ex,MEGAドリームex,,2025-12-05,I,https://asia.pokemon-card.com/hk/card-search/list/?expansionCodes=M2a,236/193,,奇樹的電肚蛙ex,ナンジャモのハラバリーex,,SAR,Akira Komayama,https://asia.pokemon-card.com/hk/card-img/hk00015253.png,https://www.pokemon-card.com/assets/images/card_images/large/M2a/049996_P_NANJIXYAMONOHARABARIEX.jpg
M2a,超級進化夢想ex,MEGAドリームex,,2025-12-05,I,https://asia.pokemon-card.com/hk/card-search/list/?expansionCodes=M2a,237/193,,<火箭隊的>超夢ex,ロケット団のミュウツーex,,SAR,Mitsuhiro Arita,https://asia.pokemon-card.com/hk/card-img/hk00015254.png,https://www.pokemon-card.com/assets/images/card_images/large/M2a/049997_P_ROKETTODANNOMIXYUUTSUEX.jpg
M2a,超級進化夢想ex,MEGAドリームex,,2025-12-05,I,https://asia.pokemon-card.com/hk/card-search/list/?expansionCodes=M2a,238/193,,超級蒂安希ex,メガディアンシーex,,SAR,Narano,https://asia.pokemon-card.com/hk/card-img/hk00015255.png,https://www.pokemon-card.com/assets/images/card_images/large/M2a/049998_P_MDEIANSHIEX.jpg
M2a,超級進化夢想ex,MEGAドリームex,,2025-12-05,I,https://asia.pokemon-card.com/hk/card-search/list/?expansionCodes=M2a,239/193,,超級摔角鷹人ex,メガルチャブルex,,SAR,AKIRA EGAWA,https://asia.pokemon-card.com/hk/card-img/hk00015256.png,https://www.pokemon-card.com/assets/images/card_images/large/M2a/049999_P_MRUCHIXYABURUEX.jpg
M2a,超級進化夢想ex,MEGAドリームex,,2025-12-05,I,https://asia.pokemon-card.com/hk/card-search/list/?expansionCodes=M2a,240/193,,超級耿鬼ex,メガゲンガーex,,SAR,danciao,https://asia.pokemon-card.com/hk/card-img/hk00015257.png,https://www.pokemon-card.com/assets/images/card_images/large/M2a/050000_P_MGENGAEX.jpg
M2a,超級進化夢想ex,MEGAドリームex,,2025-12-05,I,https://asia.pokemon-card.com/hk/card-search/list/?expansionCodes=M2a,241/193,,超級頭巾混混ex,メガズルズキンex,,SAR,nagimiso,https://asia.pokemon-card.com/hk/card-img/hk00015258.png,https://www.pokemon-card.com/assets/images/card_images/large/M2a/050001_P_MZURUZUKINEX.jpg
M2a,超級進化夢想ex,MEGAドリームex,,2025-12-05,I,https://asia.pokemon-card.com/hk/card-search/list/?expansionCodes=M2a,242/193,,N的索羅亞克ex,Nのゾロアークex,,SAR,Raita Kazama,https://asia.pokemon-card.com/hk/card-img/hk00015259.png,https://www.pokemon-card.com/assets/images/card_images/large/M2a/050002_P_NNOZOROAKUEX.jpg
M2a,超級進化夢想ex,MEGAドリームex,,2025-12-05,I,https://asia.pokemon-card.com/hk/card-search/list/?expansionCodes=M2a,243/193,,<瑪俐的>長毛巨魔ex,マリィのオーロンゲex,,SAR,Ligton,https://asia.pokemon-card.com/hk/card-img/hk00015260.png,https://www.pokemon-card.com/assets/images/card_images/large/M2a/050003_P_MARIINOORONGEEX.jpg
M2a,超級進化夢想ex,MEGAドリームex,,2025-12-05,H,https://asia.pokemon-card.com/hk/card-search/list/?expansionCodes=M2a,244/193,,吉雉雞ex,キチキギスex,,SAR,SIE NANAHARA,https://asia.pokemon-card.com/hk/card-img/hk00015261.png,https://www.pokemon-card.com/assets/images/card_images/large/M2a/050004_P_KICHIKIGISUEX.jpg
M2a,超級進化夢想ex,MEGAドリームex,,2025-12-05,I,https://asia.pokemon-card.com/hk/card-search/list/?expansionCodes=M2a,245/193,,<大吾的>巨金怪ex,ダイゴのメタグロスex,,SAR,chibi,https://asia.pokemon-card.com/hk/card-img/hk00015262.png,https://www.pokemon-card.com/assets/images/card_images/large/M2a/050005_P_DAIGONOMETAGUROSUEX.jpg
M2a,超級進化夢想ex,MEGAドリームex,,2025-12-05,I,https://asia.pokemon-card.com/hk/card-search/list/?expansionCodes=M2a,246/193,,超級快龍ex,メガカイリューex,,SAR,DOM,https://asia.pokemon-card.com/hk/card-img/hk00015263.png,https://www.pokemon-card.com/assets/images/card_images/large/M2a/050006_P_MKAIRIXYUEX.jpg
M2a,超級進化夢想ex,MEGAドリームex,,2025-12-05,I,https://asia.pokemon-card.com/hk/card-search/list/?expansionCodes=M2a,247/193,,艾莉絲的鬥志,アイリスの闘志,,SAR,Kuroimori,https://asia.pokemon-card.com/hk/card-img/hk00015264.png,https://www.pokemon-card.com/assets/images/card_images/large/M2a/050007_T_AIRISUNOTOUSHI.jpg
M2a,超級進化夢想ex,MEGAドリームex,,2025-12-05,I,https://asia.pokemon-card.com/hk/card-search/list/?expansionCodes=M2a,248/193,,卡娜莉,カナリィ,,SAR,kantaro,https://asia.pokemon-card.com/hk/card-img/hk00015265.png,https://www.pokemon-card.com/assets/images/card_images/large/M2a/050008_T_KANARII.jpg
M2a,超級進化夢想ex,MEGAドリームex,,2025-12-05,H,https://asia.pokemon-card.com/hk/card-search/list/?expansionCodes=M2a,249/193,,衝浪手,サーファー,,SAR,OKUBO,https://asia.pokemon-card.com/hk/card-img/hk00015266.png,https://www.pokemon-card.com/assets/images/card_images/large/M2a/050009_T_SAFUA.jpg
M2a,超級進化夢想ex,MEGAドリームex,,2025-12-05,I,https://asia.pokemon-card.com/hk/card-search/list/?expansionCodes=M2a,250/193,,超級快龍ex,メガカイリューex,,MUR,aky CG Works,https://asia.pokemon-card.com/hk/card-img/hk00015267.png,https://www.pokemon-card.com/assets/images/card_images/large/M2a/050010_P_MKAIRIXYUEX.jpg
